IMG/center_2017_10_31_11_45_22_857.jpg,IMG/left_2017_10_31_11_45_22_857.jpg,IMG/right_2017_10_31_11_45_22_857.jpg,0,0,0,0.8028777
IMG/center_2017_10_31_11_45_23_048.jpg,IMG/left_2017_10_31_11_45_23_048.jpg,IMG/right_2017_10_31_11_45_23_048.jpg,0,0,0,0.7849432
IMG/center_2017_10_31_11_45_23_118.jpg,IMG/left_2017_10_31_11_45_23_118.jpg,IMG/right_2017_10_31_11_45_23_118.jpg,0,0,0,0.7770823
IMG/center_2017_10_31_11_45_23_192.jpg,IMG/left_2017_10_31_11_45_23_192.jpg,IMG/right_2017_10_31_11_45_23_192.jpg,0,0,0,0.7692888
IMG/center_2017_10_31_11_45_23_262.jpg,IMG/left_2017_10_31_11_45_23_262.jpg,IMG/right_2017_10_31_11_45_23_262.jpg,-0.05,0,0,0.7632982
IMG/center_2017_10_31_11_45_23_335.jpg,IMG/left_2017_10_31_11_45_23_335.jpg,IMG/right_2017_10_31_11_45_23_335.jpg,-0.25,0.1543051,0,0.6614973
IMG/center_2017_10_31_11_45_23_406.jpg,IMG/left_2017_10_31_11_45_23_406.jpg,IMG/right_2017_10_31_11_45_23_406.jpg,-0.4,0.3401089,0,0.4581006
IMG/center_2017_10_31_11_45_23_474.jpg,IMG/left_2017_10_31_11_45_23_474.jpg,IMG/right_2017_10_31_11_45_23_474.jpg,-0.6000001,0.5740323,0,0.02707414
IMG/center_2017_10_31_11_45_23_545.jpg,IMG/left_2017_10_31_11_45_23_545.jpg,IMG/right_2017_10_31_11_45_23_545.jpg,-0.7500002,0.7612263,0,0.4597609
IMG/center_2017_10_31_11_45_23_621.jpg,IMG/left_2017_10_31_11_45_23_621.jpg,IMG/right_2017_10_31_11_45_23_621.jpg,-0.9500002,1,0,1.168766
IMG/center_2017_10_31_11_45_23_691.jpg,IMG/left_2017_10_31_11_45_23_691.jpg,IMG/right_2017_10_31_11_45_23_691.jpg,-1,1,0,1.85592
IMG/center_2017_10_31_11_45_23_761.jpg,IMG/left_2017_10_31_11_45_23_761.jpg,IMG/right_2017_10_31_11_45_23_761.jpg,-1,1,0,2.698043
IMG/center_2017_10_31_11_45_23_835.jpg,IMG/left_2017_10_31_11_45_23_835.jpg,IMG/right_2017_10_31_11_45_23_835.jpg,-0.9368901,1,0,3.591557
IMG/center_2017_10_31_11_45_23_908.jpg,IMG/left_2017_10_31_11_45_23_908.jpg,IMG/right_2017_10_31_11_45_23_908.jpg,-0.7522242,1,0,4.295569
IMG/center_2017_10_31_11_45_23_982.jpg,IMG/left_2017_10_31_11_45_23_982.jpg,IMG/right_2017_10_31_11_45_23_982.jpg,-0.5270817,1,0,5.237932
IMG/center_2017_10_31_11_45_24_057.jpg,IMG/left_2017_10_31_11_45_24_057.jpg,IMG/right_2017_10_31_11_45_24_057.jpg,-0.2709894,1,0,6.171585
IMG/center_2017_10_31_11_45_24_131.jpg,IMG/left_2017_10_31_11_45_24_131.jpg,IMG/right_2017_10_31_11_45_24_131.jpg,-0.08054204,1,0,6.859668
IMG/center_2017_10_31_11_45_24_201.jpg,IMG/left_2017_10_31_11_45_24_201.jpg,IMG/right_2017_10_31_11_45_24_201.jpg,-0.280542,1,0,7.768429
IMG/center_2017_10_31_11_45_24_274.jpg,IMG/left_2017_10_31_11_45_24_274.jpg,IMG/right_2017_10_31_11_45_24_274.jpg,-0.2311126,1,0,8.663126
IMG/center_2017_10_31_11_45_24_344.jpg,IMG/left_2017_10_31_11_45_24_344.jpg,IMG/right_2017_10_31_11_45_24_344.jpg,-0.05204188,1,0,9.337023
IMG/center_2017_10_31_11_45_24_413.jpg,IMG/left_2017_10_31_11_45_24_413.jpg,IMG/right_2017_10_31_11_45_24_413.jpg,0,1,0,10.22619
IMG/center_2017_10_31_11_45_24_490.jpg,IMG/left_2017_10_31_11_45_24_490.jpg,IMG/right_2017_10_31_11_45_24_490.jpg,0,1,0,10.89216
IMG/center_2017_10_31_11_45_24_563.jpg,IMG/left_2017_10_31_11_45_24_563.jpg,IMG/right_2017_10_31_11_45_24_563.jpg,0,1,0,11.61088
IMG/center_2017_10_31_11_45_24_639.jpg,IMG/left_2017_10_31_11_45_24_639.jpg,IMG/right_2017_10_31_11_45_24_639.jpg,0,1,0,12.63266
IMG/center_2017_10_31_11_45_24_710.jpg,IMG/left_2017_10_31_11_45_24_710.jpg,IMG/right_2017_10_31_11_45_24_710.jpg,0,1,0,13.21096
IMG/center_2017_10_31_11_45_24_782.jpg,IMG/left_2017_10_31_11_45_24_782.jpg,IMG/right_2017_10_31_11_45_24_782.jpg,0.1,1,0,14.16138
IMG/center_2017_10_31_11_45_24_857.jpg,IMG/left_2017_10_31_11_45_24_857.jpg,IMG/right_2017_10_31_11_45_24_857.jpg,0.1888959,1,0,15.00987
IMG/center_2017_10_31_11_45_24_929.jpg,IMG/left_2017_10_31_11_45_24_929.jpg,IMG/right_2017_10_31_11_45_24_929.jpg,0.00277804,1,0,15.59351
IMG/center_2017_10_31_11_45_24_999.jpg,IMG/left_2017_10_31_11_45_24_999.jpg,IMG/right_2017_10_31_11_45_24_999.jpg,0,1,0,16.43937
IMG/center_2017_10_31_11_45_25_068.jpg,IMG/left_2017_10_31_11_45_25_068.jpg,IMG/right_2017_10_31_11_45_25_068.jpg,0,1,0,17.11072
IMG/center_2017_10_31_11_45_25_139.jpg,IMG/left_2017_10_31_11_45_25_139.jpg,IMG/right_2017_10_31_11_45_25_139.jpg,0,1,0,17.93698
IMG/center_2017_10_31_11_45_25_209.jpg,IMG/left_2017_10_31_11_45_25_209.jpg,IMG/right_2017_10_31_11_45_25_209.jpg,0,1,0,18.54718
IMG/center_2017_10_31_11_45_25_280.jpg,IMG/left_2017_10_31_11_45_25_280.jpg,IMG/right_2017_10_31_11_45_25_280.jpg,0,1,0,19.37366
IMG/center_2017_10_31_11_45_25_352.jpg,IMG/left_2017_10_31_11_45_25_352.jpg,IMG/right_2017_10_31_11_45_25_352.jpg,-0.2,1,0,20.17196
IMG/center_2017_10_31_11_45_25_425.jpg,IMG/left_2017_10_31_11_45_25_425.jpg,IMG/right_2017_10_31_11_45_25_425.jpg,-0.2186097,1,0,20.74498
IMG/center_2017_10_31_11_45_25_494.jpg,IMG/left_2017_10_31_11_45_25_494.jpg,IMG/right_2017_10_31_11_45_25_494.jpg,0,1,0,21.54257
IMG/center_2017_10_31_11_45_25_567.jpg,IMG/left_2017_10_31_11_45_25_567.jpg,IMG/right_2017_10_31_11_45_25_567.jpg,0,1,0,22.14838
IMG/center_2017_10_31_11_45_25_634.jpg,IMG/left_2017_10_31_11_45_25_634.jpg,IMG/right_2017_10_31_11_45_25_634.jpg,0,1,0,22.9348
IMG/center_2017_10_31_11_45_25_708.jpg,IMG/left_2017_10_31_11_45_25_708.jpg,IMG/right_2017_10_31_11_45_25_708.jpg,0,1,0,23.51437
IMG/center_2017_10_31_11_45_25_778.jpg,IMG/left_2017_10_31_11_45_25_778.jpg,IMG/right_2017_10_31_11_45_25_778.jpg,0,1,0,24.29448
IMG/center_2017_10_31_11_45_25_850.jpg,IMG/left_2017_10_31_11_45_25_850.jpg,IMG/right_2017_10_31_11_45_25_850.jpg,0,1,0,24.8755
IMG/center_2017_10_31_11_45_25_921.jpg,IMG/left_2017_10_31_11_45_25_921.jpg,IMG/right_2017_10_31_11_45_25_921.jpg,0,1,0,25.64261
IMG/center_2017_10_31_11_45_25_990.jpg,IMG/left_2017_10_31_11_45_25_990.jpg,IMG/right_2017_10_31_11_45_25_990.jpg,0,1,0,26.2137
IMG/center_2017_10_31_11_45_26_060.jpg,IMG/left_2017_10_31_11_45_26_060.jpg,IMG/right_2017_10_31_11_45_26_060.jpg,0,1,0,26.97021
IMG/center_2017_10_31_11_45_26_134.jpg,IMG/left_2017_10_31_11_45_26_134.jpg,IMG/right_2017_10_31_11_45_26_134.jpg,0,1,0,27.7206
IMG/center_2017_10_31_11_45_26_207.jpg,IMG/left_2017_10_31_11_45_26_207.jpg,IMG/right_2017_10_31_11_45_26_207.jpg,0,1,0,28.27943
IMG/center_2017_10_31_11_45_26_282.jpg,IMG/left_2017_10_31_11_45_26_282.jpg,IMG/right_2017_10_31_11_45_26_282.jpg,0,1,0,29.01928
IMG/center_2017_10_31_11_45_26_355.jpg,IMG/left_2017_10_31_11_45_26_355.jpg,IMG/right_2017_10_31_11_45_26_355.jpg,-0.15,1,0,29.74413
IMG/center_2017_10_31_11_45_26_430.jpg,IMG/left_2017_10_31_11_45_26_430.jpg,IMG/right_2017_10_31_11_45_26_430.jpg,-0.3,1,0,30.16663
IMG/center_2017_10_31_11_45_26_504.jpg,IMG/left_2017_10_31_11_45_26_504.jpg,IMG/right_2017_10_31_11_45_26_504.jpg,-0.4885023,1,0,30.14747
IMG/center_2017_10_31_11_45_26_580.jpg,IMG/left_2017_10_31_11_45_26_580.jpg,IMG/right_2017_10_31_11_45_26_580.jpg,-0.2337409,1,0,30.19176
IMG/center_2017_10_31_11_45_26_647.jpg,IMG/left_2017_10_31_11_45_26_647.jpg,IMG/right_2017_10_31_11_45_26_647.jpg,-0.06353768,1,0,30.19022
IMG/center_2017_10_31_11_45_26_715.jpg,IMG/left_2017_10_31_11_45_26_715.jpg,IMG/right_2017_10_31_11_45_26_715.jpg,0,1,0,30.18852
IMG/center_2017_10_31_11_45_26_784.jpg,IMG/left_2017_10_31_11_45_26_784.jpg,IMG/right_2017_10_31_11_45_26_784.jpg,0.05,1,0,30.18789
IMG/center_2017_10_31_11_45_26_852.jpg,IMG/left_2017_10_31_11_45_26_852.jpg,IMG/right_2017_10_31_11_45_26_852.jpg,0.25,1,0,30.17065
IMG/center_2017_10_31_11_45_26_924.jpg,IMG/left_2017_10_31_11_45_26_924.jpg,IMG/right_2017_10_31_11_45_26_924.jpg,0.1063964,1,0,30.18916
IMG/center_2017_10_31_11_45_26_996.jpg,IMG/left_2017_10_31_11_45_26_996.jpg,IMG/right_2017_10_31_11_45_26_996.jpg,0,1,0,30.18968
IMG/center_2017_10_31_11_45_27_064.jpg,IMG/left_2017_10_31_11_45_27_064.jpg,IMG/right_2017_10_31_11_45_27_064.jpg,0,1,0,30.19001
IMG/center_2017_10_31_11_45_27_132.jpg,IMG/left_2017_10_31_11_45_27_132.jpg,IMG/right_2017_10_31_11_45_27_132.jpg,0,1,0,30.18996
IMG/center_2017_10_31_11_45_27_200.jpg,IMG/left_2017_10_31_11_45_27_200.jpg,IMG/right_2017_10_31_11_45_27_200.jpg,0,1,0,30.19013
IMG/center_2017_10_31_11_45_27_276.jpg,IMG/left_2017_10_31_11_45_27_276.jpg,IMG/right_2017_10_31_11_45_27_276.jpg,0,1,0,30.18796
IMG/center_2017_10_31_11_45_27_353.jpg,IMG/left_2017_10_31_11_45_27_353.jpg,IMG/right_2017_10_31_11_45_27_353.jpg,-0.05,1,0,30.18967
IMG/center_2017_10_31_11_45_27_420.jpg,IMG/left_2017_10_31_11_45_27_420.jpg,IMG/right_2017_10_31_11_45_27_420.jpg,-0.2,1,0,30.1794
IMG/center_2017_10_31_11_45_27_490.jpg,IMG/left_2017_10_31_11_45_27_490.jpg,IMG/right_2017_10_31_11_45_27_490.jpg,-0.3281883,1,0,30.16544
IMG/center_2017_10_31_11_45_27_567.jpg,IMG/left_2017_10_31_11_45_27_567.jpg,IMG/right_2017_10_31_11_45_27_567.jpg,-0.07413451,1,0,30.19125
IMG/center_2017_10_31_11_45_27_637.jpg,IMG/left_2017_10_31_11_45_27_637.jpg,IMG/right_2017_10_31_11_45_27_637.jpg,0,1,0,30.18925
IMG/center_2017_10_31_11_45_27_706.jpg,IMG/left_2017_10_31_11_45_27_706.jpg,IMG/right_2017_10_31_11_45_27_706.jpg,0,1,0,30.19001
IMG/center_2017_10_31_11_45_27_773.jpg,IMG/left_2017_10_31_11_45_27_773.jpg,IMG/right_2017_10_31_11_45_27_773.jpg,0,1,0,30.19025
IMG/center_2017_10_31_11_45_27_847.jpg,IMG/left_2017_10_31_11_45_27_847.jpg,IMG/right_2017_10_31_11_45_27_847.jpg,0,1,0,30.19027
IMG/center_2017_10_31_11_45_27_921.jpg,IMG/left_2017_10_31_11_45_27_921.jpg,IMG/right_2017_10_31_11_45_27_921.jpg,-0.15,1,0,30.1848
IMG/center_2017_10_31_11_45_27_989.jpg,IMG/left_2017_10_31_11_45_27_989.jpg,IMG/right_2017_10_31_11_45_27_989.jpg,-0.3,1,0,30.17001
IMG/center_2017_10_31_11_45_28_056.jpg,IMG/left_2017_10_31_11_45_28_056.jpg,IMG/right_2017_10_31_11_45_28_056.jpg,-0.4573355,1,0,30.1536
IMG/center_2017_10_31_11_45_28_132.jpg,IMG/left_2017_10_31_11_45_28_132.jpg,IMG/right_2017_10_31_11_45_28_132.jpg,-0.2294672,1,0,30.19169
IMG/center_2017_10_31_11_45_28_200.jpg,IMG/left_2017_10_31_11_45_28_200.jpg,IMG/right_2017_10_31_11_45_28_200.jpg,-0.02644028,1,0,30.18866
IMG/center_2017_10_31_11_45_28_268.jpg,IMG/left_2017_10_31_11_45_28_268.jpg,IMG/right_2017_10_31_11_45_28_268.jpg,0,1,0,30.1883
IMG/center_2017_10_31_11_45_28_339.jpg,IMG/left_2017_10_31_11_45_28_339.jpg,IMG/right_2017_10_31_11_45_28_339.jpg,0,1,0,30.18994
IMG/center_2017_10_31_11_45_28_415.jpg,IMG/left_2017_10_31_11_45_28_415.jpg,IMG/right_2017_10_31_11_45_28_415.jpg,0,1,0,30.19027
IMG/center_2017_10_31_11_45_28_482.jpg,IMG/left_2017_10_31_11_45_28_482.jpg,IMG/right_2017_10_31_11_45_28_482.jpg,0,1,0,30.1903
IMG/center_2017_10_31_11_45_28_557.jpg,IMG/left_2017_10_31_11_45_28_557.jpg,IMG/right_2017_10_31_11_45_28_557.jpg,-0.2,1,0,30.18078
IMG/center_2017_10_31_11_45_28_630.jpg,IMG/left_2017_10_31_11_45_28_630.jpg,IMG/right_2017_10_31_11_45_28_630.jpg,-0.35,1,0,30.16471
IMG/center_2017_10_31_11_45_28_700.jpg,IMG/left_2017_10_31_11_45_28_700.jpg,IMG/right_2017_10_31_11_45_28_700.jpg,-0.3420028,1,0,30.17925
IMG/center_2017_10_31_11_45_28_769.jpg,IMG/left_2017_10_31_11_45_28_769.jpg,IMG/right_2017_10_31_11_45_28_769.jpg,-0.1858606,1,0,30.19267
IMG/center_2017_10_31_11_45_28_839.jpg,IMG/left_2017_10_31_11_45_28_839.jpg,IMG/right_2017_10_31_11_45_28_839.jpg,0,1,0,30.18643
IMG/center_2017_10_31_11_45_28_908.jpg,IMG/left_2017_10_31_11_45_28_908.jpg,IMG/right_2017_10_31_11_45_28_908.jpg,0,1,0,30.19008
IMG/center_2017_10_31_11_45_28_984.jpg,IMG/left_2017_10_31_11_45_28_984.jpg,IMG/right_2017_10_31_11_45_28_984.jpg,0,1,0,30.19012
IMG/center_2017_10_31_11_45_29_056.jpg,IMG/left_2017_10_31_11_45_29_056.jpg,IMG/right_2017_10_31_11_45_29_056.jpg,0,1,0,30.19011
IMG/center_2017_10_31_11_45_29_129.jpg,IMG/left_2017_10_31_11_45_29_129.jpg,IMG/right_2017_10_31_11_45_29_129.jpg,0,1,0,30.19007
IMG/center_2017_10_31_11_45_29_199.jpg,IMG/left_2017_10_31_11_45_29_199.jpg,IMG/right_2017_10_31_11_45_29_199.jpg,0,1,0,30.19008
IMG/center_2017_10_31_11_45_29_266.jpg,IMG/left_2017_10_31_11_45_29_266.jpg,IMG/right_2017_10_31_11_45_29_266.jpg,0,1,0,30.19008
IMG/center_2017_10_31_11_45_29_341.jpg,IMG/left_2017_10_31_11_45_29_341.jpg,IMG/right_2017_10_31_11_45_29_341.jpg,-0.15,1,0,30.18451
IMG/center_2017_10_31_11_45_29_416.jpg,IMG/left_2017_10_31_11_45_29_416.jpg,IMG/right_2017_10_31_11_45_29_416.jpg,-0.302292,1,0,30.17008
IMG/center_2017_10_31_11_45_29_491.jpg,IMG/left_2017_10_31_11_45_29_491.jpg,IMG/right_2017_10_31_11_45_29_491.jpg,-0.1080521,1,0,30.19077
IMG/center_2017_10_31_11_45_29_565.jpg,IMG/left_2017_10_31_11_45_29_565.jpg,IMG/right_2017_10_31_11_45_29_565.jpg,0,1,0,30.19018
IMG/center_2017_10_31_11_45_29_636.jpg,IMG/left_2017_10_31_11_45_29_636.jpg,IMG/right_2017_10_31_11_45_29_636.jpg,0,1,0,30.19028
IMG/center_2017_10_31_11_45_29_708.jpg,IMG/left_2017_10_31_11_45_29_708.jpg,IMG/right_2017_10_31_11_45_29_708.jpg,0,1,0,30.19026
IMG/center_2017_10_31_11_45_29_775.jpg,IMG/left_2017_10_31_11_45_29_775.jpg,IMG/right_2017_10_31_11_45_29_775.jpg,0,1,0,30.19029
IMG/center_2017_10_31_11_45_29_845.jpg,IMG/left_2017_10_31_11_45_29_845.jpg,IMG/right_2017_10_31_11_45_29_845.jpg,0,1,0,30.19024
IMG/center_2017_10_31_11_45_29_920.jpg,IMG/left_2017_10_31_11_45_29_920.jpg,IMG/right_2017_10_31_11_45_29_920.jpg,-0.15,1,0,30.18423
IMG/center_2017_10_31_11_45_29_990.jpg,IMG/left_2017_10_31_11_45_29_990.jpg,IMG/right_2017_10_31_11_45_29_990.jpg,-0.3,1,0,30.17051
IMG/center_2017_10_31_11_45_30_059.jpg,IMG/left_2017_10_31_11_45_30_059.jpg,IMG/right_2017_10_31_11_45_30_059.jpg,-0.08899669,1,0,30.19135
IMG/center_2017_10_31_11_45_30_133.jpg,IMG/left_2017_10_31_11_45_30_133.jpg,IMG/right_2017_10_31_11_45_30_133.jpg,0,1,0,30.18969
IMG/center_2017_10_31_11_45_30_200.jpg,IMG/left_2017_10_31_11_45_30_200.jpg,IMG/right_2017_10_31_11_45_30_200.jpg,0,1,0,30.19114
IMG/center_2017_10_31_11_45_30_267.jpg,IMG/left_2017_10_31_11_45_30_267.jpg,IMG/right_2017_10_31_11_45_30_267.jpg,0,1,0,30.19063
IMG/center_2017_10_31_11_45_30_334.jpg,IMG/left_2017_10_31_11_45_30_334.jpg,IMG/right_2017_10_31_11_45_30_334.jpg,-0.05,1,0,30.19002
IMG/center_2017_10_31_11_45_30_402.jpg,IMG/left_2017_10_31_11_45_30_402.jpg,IMG/right_2017_10_31_11_45_30_402.jpg,-0.2,1,0,30.18054
IMG/center_2017_10_31_11_45_30_477.jpg,IMG/left_2017_10_31_11_45_30_477.jpg,IMG/right_2017_10_31_11_45_30_477.jpg,-0.1302873,1,0,30.18917
IMG/center_2017_10_31_11_45_30_547.jpg,IMG/left_2017_10_31_11_45_30_547.jpg,IMG/right_2017_10_31_11_45_30_547.jpg,0,1,0,30.18915
IMG/center_2017_10_31_11_45_30_621.jpg,IMG/left_2017_10_31_11_45_30_621.jpg,IMG/right_2017_10_31_11_45_30_621.jpg,0,1,0,30.1886
IMG/center_2017_10_31_11_45_30_693.jpg,IMG/left_2017_10_31_11_45_30_693.jpg,IMG/right_2017_10_31_11_45_30_693.jpg,0,1,0,30.19119
IMG/center_2017_10_31_11_45_30_763.jpg,IMG/left_2017_10_31_11_45_30_763.jpg,IMG/right_2017_10_31_11_45_30_763.jpg,0,1,0,30.19004
IMG/center_2017_10_31_11_45_30_831.jpg,IMG/left_2017_10_31_11_45_30_831.jpg,IMG/right_2017_10_31_11_45_30_831.jpg,-0.15,1,0,30.18369
IMG/center_2017_10_31_11_45_30_901.jpg,IMG/left_2017_10_31_11_45_30_901.jpg,IMG/right_2017_10_31_11_45_30_901.jpg,-0.35,1,0,30.16539
IMG/center_2017_10_31_11_45_30_971.jpg,IMG/left_2017_10_31_11_45_30_971.jpg,IMG/right_2017_10_31_11_45_30_971.jpg,-0.2920296,1,0,30.18196
IMG/center_2017_10_31_11_45_31_042.jpg,IMG/left_2017_10_31_11_45_31_042.jpg,IMG/right_2017_10_31_11_45_31_042.jpg,-0.02184417,1,0,30.18932
IMG/center_2017_10_31_11_45_31_117.jpg,IMG/left_2017_10_31_11_45_31_117.jpg,IMG/right_2017_10_31_11_45_31_117.jpg,0,1,0,30.18947
IMG/center_2017_10_31_11_45_31_185.jpg,IMG/left_2017_10_31_11_45_31_185.jpg,IMG/right_2017_10_31_11_45_31_185.jpg,0,1,0,30.1901
IMG/center_2017_10_31_11_45_31_255.jpg,IMG/left_2017_10_31_11_45_31_255.jpg,IMG/right_2017_10_31_11_45_31_255.jpg,0,1,0,30.19022
IMG/center_2017_10_31_11_45_31_325.jpg,IMG/left_2017_10_31_11_45_31_325.jpg,IMG/right_2017_10_31_11_45_31_325.jpg,0,1,0,30.19013
IMG/center_2017_10_31_11_45_31_393.jpg,IMG/left_2017_10_31_11_45_31_393.jpg,IMG/right_2017_10_31_11_45_31_393.jpg,0,1,0,30.19027
IMG/center_2017_10_31_11_45_31_467.jpg,IMG/left_2017_10_31_11_45_31_467.jpg,IMG/right_2017_10_31_11_45_31_467.jpg,-0.1,1,0,30.1879
IMG/center_2017_10_31_11_45_31_541.jpg,IMG/left_2017_10_31_11_45_31_541.jpg,IMG/right_2017_10_31_11_45_31_541.jpg,-0.3,1,0,30.16956
IMG/center_2017_10_31_11_45_31_618.jpg,IMG/left_2017_10_31_11_45_31_618.jpg,IMG/right_2017_10_31_11_45_31_618.jpg,-0.2301937,1,0,30.18668
IMG/center_2017_10_31_11_45_31_693.jpg,IMG/left_2017_10_31_11_45_31_693.jpg,IMG/right_2017_10_31_11_45_31_693.jpg,-0.004292754,1,0,30.1889
IMG/center_2017_10_31_11_45_31_768.jpg,IMG/left_2017_10_31_11_45_31_768.jpg,IMG/right_2017_10_31_11_45_31_768.jpg,0,1,0,30.18933
IMG/center_2017_10_31_11_45_31_844.jpg,IMG/left_2017_10_31_11_45_31_844.jpg,IMG/right_2017_10_31_11_45_31_844.jpg,0,1,0,30.19017
IMG/center_2017_10_31_11_45_31_919.jpg,IMG/left_2017_10_31_11_45_31_919.jpg,IMG/right_2017_10_31_11_45_31_919.jpg,0,1,0,30.19031
IMG/center_2017_10_31_11_45_31_997.jpg,IMG/left_2017_10_31_11_45_31_997.jpg,IMG/right_2017_10_31_11_45_31_997.jpg,0,1,0,30.19052
IMG/center_2017_10_31_11_45_32_073.jpg,IMG/left_2017_10_31_11_45_32_073.jpg,IMG/right_2017_10_31_11_45_32_073.jpg,0,1,0,30.19032
IMG/center_2017_10_31_11_45_32_140.jpg,IMG/left_2017_10_31_11_45_32_140.jpg,IMG/right_2017_10_31_11_45_32_140.jpg,0,1,0,30.19031
IMG/center_2017_10_31_11_45_32_213.jpg,IMG/left_2017_10_31_11_45_32_213.jpg,IMG/right_2017_10_31_11_45_32_213.jpg,0,1,0,30.19058
IMG/center_2017_10_31_11_45_32_283.jpg,IMG/left_2017_10_31_11_45_32_283.jpg,IMG/right_2017_10_31_11_45_32_283.jpg,0,1,0,30.19029
IMG/center_2017_10_31_11_45_32_351.jpg,IMG/left_2017_10_31_11_45_32_351.jpg,IMG/right_2017_10_31_11_45_32_351.jpg,0,1,0,30.19029
IMG/center_2017_10_31_11_45_32_420.jpg,IMG/left_2017_10_31_11_45_32_420.jpg,IMG/right_2017_10_31_11_45_32_420.jpg,0,1,0,30.19032
IMG/center_2017_10_31_11_45_32_493.jpg,IMG/left_2017_10_31_11_45_32_493.jpg,IMG/right_2017_10_31_11_45_32_493.jpg,-0.15,1,0,30.1842
IMG/center_2017_10_31_11_45_32_571.jpg,IMG/left_2017_10_31_11_45_32_571.jpg,IMG/right_2017_10_31_11_45_32_571.jpg,-0.3,1,0,30.16922
IMG/center_2017_10_31_11_45_32_645.jpg,IMG/left_2017_10_31_11_45_32_645.jpg,IMG/right_2017_10_31_11_45_32_645.jpg,-0.1149771,1,0,30.19089
IMG/center_2017_10_31_11_45_32_724.jpg,IMG/left_2017_10_31_11_45_32_724.jpg,IMG/right_2017_10_31_11_45_32_724.jpg,0,1,0,30.18946
IMG/center_2017_10_31_11_45_32_795.jpg,IMG/left_2017_10_31_11_45_32_795.jpg,IMG/right_2017_10_31_11_45_32_795.jpg,0,1,0,30.19004
IMG/center_2017_10_31_11_45_32_864.jpg,IMG/left_2017_10_31_11_45_32_864.jpg,IMG/right_2017_10_31_11_45_32_864.jpg,0,1,0,30.19026
IMG/center_2017_10_31_11_45_32_933.jpg,IMG/left_2017_10_31_11_45_32_933.jpg,IMG/right_2017_10_31_11_45_32_933.jpg,0,1,0,30.1903
IMG/center_2017_10_31_11_45_33_005.jpg,IMG/left_2017_10_31_11_45_33_005.jpg,IMG/right_2017_10_31_11_45_33_005.jpg,0,1,0,30.19036
IMG/center_2017_10_31_11_45_33_075.jpg,IMG/left_2017_10_31_11_45_33_075.jpg,IMG/right_2017_10_31_11_45_33_075.jpg,0,1,0,30.19029
IMG/center_2017_10_31_11_45_33_144.jpg,IMG/left_2017_10_31_11_45_33_144.jpg,IMG/right_2017_10_31_11_45_33_144.jpg,0,1,0,30.19027
IMG/center_2017_10_31_11_45_33_216.jpg,IMG/left_2017_10_31_11_45_33_216.jpg,IMG/right_2017_10_31_11_45_33_216.jpg,-0.1776651,1,0,30.18202
IMG/center_2017_10_31_11_45_33_286.jpg,IMG/left_2017_10_31_11_45_33_286.jpg,IMG/right_2017_10_31_11_45_33_286.jpg,-0.002965337,1,0,30.19017
IMG/center_2017_10_31_11_45_33_353.jpg,IMG/left_2017_10_31_11_45_33_353.jpg,IMG/right_2017_10_31_11_45_33_353.jpg,0,1,0,30.19021
IMG/center_2017_10_31_11_45_33_428.jpg,IMG/left_2017_10_31_11_45_33_428.jpg,IMG/right_2017_10_31_11_45_33_428.jpg,0,1,0,30.19024
IMG/center_2017_10_31_11_45_33_500.jpg,IMG/left_2017_10_31_11_45_33_500.jpg,IMG/right_2017_10_31_11_45_33_500.jpg,0,1,0,30.1903
IMG/center_2017_10_31_11_45_33_569.jpg,IMG/left_2017_10_31_11_45_33_569.jpg,IMG/right_2017_10_31_11_45_33_569.jpg,0,1,0,30.19036
IMG/center_2017_10_31_11_45_33_644.jpg,IMG/left_2017_10_31_11_45_33_644.jpg,IMG/right_2017_10_31_11_45_33_644.jpg,0,1,0,30.19029
IMG/center_2017_10_31_11_45_33_715.jpg,IMG/left_2017_10_31_11_45_33_715.jpg,IMG/right_2017_10_31_11_45_33_715.jpg,-0.2,1,0,30.1801
IMG/center_2017_10_31_11_45_33_789.jpg,IMG/left_2017_10_31_11_45_33_789.jpg,IMG/right_2017_10_31_11_45_33_789.jpg,-0.2079952,1,0,30.18175
IMG/center_2017_10_31_11_45_33_864.jpg,IMG/left_2017_10_31_11_45_33_864.jpg,IMG/right_2017_10_31_11_45_33_864.jpg,0,1,0,30.18903
IMG/center_2017_10_31_11_45_33_930.jpg,IMG/left_2017_10_31_11_45_33_930.jpg,IMG/right_2017_10_31_11_45_33_930.jpg,0,1,0,30.18988
IMG/center_2017_10_31_11_45_33_998.jpg,IMG/left_2017_10_31_11_45_33_998.jpg,IMG/right_2017_10_31_11_45_33_998.jpg,0,1,0,30.19021
IMG/center_2017_10_31_11_45_34_070.jpg,IMG/left_2017_10_31_11_45_34_070.jpg,IMG/right_2017_10_31_11_45_34_070.jpg,0,1,0,30.1903
IMG/center_2017_10_31_11_45_34_140.jpg,IMG/left_2017_10_31_11_45_34_140.jpg,IMG/right_2017_10_31_11_45_34_140.jpg,0,1,0,30.19032
IMG/center_2017_10_31_11_45_34_215.jpg,IMG/left_2017_10_31_11_45_34_215.jpg,IMG/right_2017_10_31_11_45_34_215.jpg,0,1,0,30.1903
IMG/center_2017_10_31_11_45_34_289.jpg,IMG/left_2017_10_31_11_45_34_289.jpg,IMG/right_2017_10_31_11_45_34_289.jpg,0,1,0,30.1903
IMG/center_2017_10_31_11_45_34_364.jpg,IMG/left_2017_10_31_11_45_34_364.jpg,IMG/right_2017_10_31_11_45_34_364.jpg,0,1,0,30.19038
IMG/center_2017_10_31_11_45_34_434.jpg,IMG/left_2017_10_31_11_45_34_434.jpg,IMG/right_2017_10_31_11_45_34_434.jpg,0,1,0,30.19025
IMG/center_2017_10_31_11_45_34_508.jpg,IMG/left_2017_10_31_11_45_34_508.jpg,IMG/right_2017_10_31_11_45_34_508.jpg,0,1,0,30.19029
IMG/center_2017_10_31_11_45_34_581.jpg,IMG/left_2017_10_31_11_45_34_581.jpg,IMG/right_2017_10_31_11_45_34_581.jpg,0,1,0,30.1903
IMG/center_2017_10_31_11_45_34_656.jpg,IMG/left_2017_10_31_11_45_34_656.jpg,IMG/right_2017_10_31_11_45_34_656.jpg,0,1,0,30.19029
IMG/center_2017_10_31_11_45_34_724.jpg,IMG/left_2017_10_31_11_45_34_724.jpg,IMG/right_2017_10_31_11_45_34_724.jpg,0,1,0,30.19028
IMG/center_2017_10_31_11_45_34_794.jpg,IMG/left_2017_10_31_11_45_34_794.jpg,IMG/right_2017_10_31_11_45_34_794.jpg,0,1,0,30.19028
IMG/center_2017_10_31_11_45_34_864.jpg,IMG/left_2017_10_31_11_45_34_864.jpg,IMG/right_2017_10_31_11_45_34_864.jpg,0,1,0,30.19029
IMG/center_2017_10_31_11_45_34_941.jpg,IMG/left_2017_10_31_11_45_34_941.jpg,IMG/right_2017_10_31_11_45_34_941.jpg,0,1,0,30.19032
IMG/center_2017_10_31_11_45_35_016.jpg,IMG/left_2017_10_31_11_45_35_016.jpg,IMG/right_2017_10_31_11_45_35_016.jpg,0,1,0,30.19033
IMG/center_2017_10_31_11_45_35_083.jpg,IMG/left_2017_10_31_11_45_35_083.jpg,IMG/right_2017_10_31_11_45_35_083.jpg,0,1,0,30.19027
IMG/center_2017_10_31_11_45_35_151.jpg,IMG/left_2017_10_31_11_45_35_151.jpg,IMG/right_2017_10_31_11_45_35_151.jpg,0,1,0,30.19032
IMG/center_2017_10_31_11_45_35_225.jpg,IMG/left_2017_10_31_11_45_35_225.jpg,IMG/right_2017_10_31_11_45_35_225.jpg,-0.05,1,0,30.18971
IMG/center_2017_10_31_11_45_35_298.jpg,IMG/left_2017_10_31_11_45_35_298.jpg,IMG/right_2017_10_31_11_45_35_298.jpg,-0.25,1,0,30.17474
IMG/center_2017_10_31_11_45_35_367.jpg,IMG/left_2017_10_31_11_45_35_367.jpg,IMG/right_2017_10_31_11_45_35_367.jpg,-0.2284088,1,0,30.18211
IMG/center_2017_10_31_11_45_35_436.jpg,IMG/left_2017_10_31_11_45_35_436.jpg,IMG/right_2017_10_31_11_45_35_436.jpg,0,1,0,30.18894
IMG/center_2017_10_31_11_45_35_506.jpg,IMG/left_2017_10_31_11_45_35_506.jpg,IMG/right_2017_10_31_11_45_35_506.jpg,0,1,0,30.18957
IMG/center_2017_10_31_11_45_35_574.jpg,IMG/left_2017_10_31_11_45_35_574.jpg,IMG/right_2017_10_31_11_45_35_574.jpg,0,1,0,30.19013
IMG/center_2017_10_31_11_45_35_647.jpg,IMG/left_2017_10_31_11_45_35_647.jpg,IMG/right_2017_10_31_11_45_35_647.jpg,0,1,0,30.19026
IMG/center_2017_10_31_11_45_35_716.jpg,IMG/left_2017_10_31_11_45_35_716.jpg,IMG/right_2017_10_31_11_45_35_716.jpg,0,1,0,30.19029
IMG/center_2017_10_31_11_45_35_785.jpg,IMG/left_2017_10_31_11_45_35_785.jpg,IMG/right_2017_10_31_11_45_35_785.jpg,0,1,0,30.19031
IMG/center_2017_10_31_11_45_35_860.jpg,IMG/left_2017_10_31_11_45_35_860.jpg,IMG/right_2017_10_31_11_45_35_860.jpg,0,1,0,30.19031
IMG/center_2017_10_31_11_45_35_928.jpg,IMG/left_2017_10_31_11_45_35_928.jpg,IMG/right_2017_10_31_11_45_35_928.jpg,0,1,0,30.19029
IMG/center_2017_10_31_11_45_35_999.jpg,IMG/left_2017_10_31_11_45_35_999.jpg,IMG/right_2017_10_31_11_45_35_999.jpg,0,1,0,30.19021
IMG/center_2017_10_31_11_45_36_067.jpg,IMG/left_2017_10_31_11_45_36_067.jpg,IMG/right_2017_10_31_11_45_36_067.jpg,0,1,0,30.1903
IMG/center_2017_10_31_11_45_36_136.jpg,IMG/left_2017_10_31_11_45_36_136.jpg,IMG/right_2017_10_31_11_45_36_136.jpg,0,1,0,30.19029
IMG/center_2017_10_31_11_45_36_211.jpg,IMG/left_2017_10_31_11_45_36_211.jpg,IMG/right_2017_10_31_11_45_36_211.jpg,0,1,0,30.19034
IMG/center_2017_10_31_11_45_36_281.jpg,IMG/left_2017_10_31_11_45_36_281.jpg,IMG/right_2017_10_31_11_45_36_281.jpg,0,1,0,30.19031
IMG/center_2017_10_31_11_45_36_347.jpg,IMG/left_2017_10_31_11_45_36_347.jpg,IMG/right_2017_10_31_11_45_36_347.jpg,0,1,0,30.1903
IMG/center_2017_10_31_11_45_36_420.jpg,IMG/left_2017_10_31_11_45_36_420.jpg,IMG/right_2017_10_31_11_45_36_420.jpg,0,1,0,30.1903
IMG/center_2017_10_31_11_45_36_494.jpg,IMG/left_2017_10_31_11_45_36_494.jpg,IMG/right_2017_10_31_11_45_36_494.jpg,0,1,0,30.19029
IMG/center_2017_10_31_11_45_36_562.jpg,IMG/left_2017_10_31_11_45_36_562.jpg,IMG/right_2017_10_31_11_45_36_562.jpg,-0.1,1,0,30.18767
IMG/center_2017_10_31_11_45_36_638.jpg,IMG/left_2017_10_31_11_45_36_638.jpg,IMG/right_2017_10_31_11_45_36_638.jpg,-0.1593754,1,0,30.18498
IMG/center_2017_10_31_11_45_36_712.jpg,IMG/left_2017_10_31_11_45_36_712.jpg,IMG/right_2017_10_31_11_45_36_712.jpg,0,1,0,30.18952
IMG/center_2017_10_31_11_45_36_780.jpg,IMG/left_2017_10_31_11_45_36_780.jpg,IMG/right_2017_10_31_11_45_36_780.jpg,0,1,0,30.19011
IMG/center_2017_10_31_11_45_36_849.jpg,IMG/left_2017_10_31_11_45_36_849.jpg,IMG/right_2017_10_31_11_45_36_849.jpg,0,1,0,30.19023
IMG/center_2017_10_31_11_45_36_922.jpg,IMG/left_2017_10_31_11_45_36_922.jpg,IMG/right_2017_10_31_11_45_36_922.jpg,0,1,0,30.19027
IMG/center_2017_10_31_11_45_36_994.jpg,IMG/left_2017_10_31_11_45_36_994.jpg,IMG/right_2017_10_31_11_45_36_994.jpg,0,1,0,30.19029
IMG/center_2017_10_31_11_45_37_061.jpg,IMG/left_2017_10_31_11_45_37_061.jpg,IMG/right_2017_10_31_11_45_37_061.jpg,-0.1,1,0,30.18789
IMG/center_2017_10_31_11_45_37_136.jpg,IMG/left_2017_10_31_11_45_37_136.jpg,IMG/right_2017_10_31_11_45_37_136.jpg,-0.3,1,0,30.16953
IMG/center_2017_10_31_11_45_37_207.jpg,IMG/left_2017_10_31_11_45_37_207.jpg,IMG/right_2017_10_31_11_45_37_207.jpg,-0.2681824,1,0,30.18065
IMG/center_2017_10_31_11_45_37_280.jpg,IMG/left_2017_10_31_11_45_37_280.jpg,IMG/right_2017_10_31_11_45_37_280.jpg,-0.04617837,1,0,30.19044
IMG/center_2017_10_31_11_45_37_347.jpg,IMG/left_2017_10_31_11_45_37_347.jpg,IMG/right_2017_10_31_11_45_37_347.jpg,0,1,0,30.18921
IMG/center_2017_10_31_11_45_37_420.jpg,IMG/left_2017_10_31_11_45_37_420.jpg,IMG/right_2017_10_31_11_45_37_420.jpg,0,1,0,30.19007
IMG/center_2017_10_31_11_45_37_495.jpg,IMG/left_2017_10_31_11_45_37_495.jpg,IMG/right_2017_10_31_11_45_37_495.jpg,0,1,0,30.19024
IMG/center_2017_10_31_11_45_37_566.jpg,IMG/left_2017_10_31_11_45_37_566.jpg,IMG/right_2017_10_31_11_45_37_566.jpg,0,1,0,30.19028
IMG/center_2017_10_31_11_45_37_639.jpg,IMG/left_2017_10_31_11_45_37_639.jpg,IMG/right_2017_10_31_11_45_37_639.jpg,0,1,0,30.19031
IMG/center_2017_10_31_11_45_37_708.jpg,IMG/left_2017_10_31_11_45_37_708.jpg,IMG/right_2017_10_31_11_45_37_708.jpg,0,1,0,30.19032
IMG/center_2017_10_31_11_45_37_781.jpg,IMG/left_2017_10_31_11_45_37_781.jpg,IMG/right_2017_10_31_11_45_37_781.jpg,0.2,1,0,30.17959
IMG/center_2017_10_31_11_45_37_857.jpg,IMG/left_2017_10_31_11_45_37_857.jpg,IMG/right_2017_10_31_11_45_37_857.jpg,0.2670233,1,0,30.17711
IMG/center_2017_10_31_11_45_37_932.jpg,IMG/left_2017_10_31_11_45_37_932.jpg,IMG/right_2017_10_31_11_45_37_932.jpg,0.04281954,1,0,30.19033
IMG/center_2017_10_31_11_45_38_000.jpg,IMG/left_2017_10_31_11_45_38_000.jpg,IMG/right_2017_10_31_11_45_38_000.jpg,0,1,0,30.18928
IMG/center_2017_10_31_11_45_38_068.jpg,IMG/left_2017_10_31_11_45_38_068.jpg,IMG/right_2017_10_31_11_45_38_068.jpg,0,1,0,30.18995
IMG/center_2017_10_31_11_45_38_137.jpg,IMG/left_2017_10_31_11_45_38_137.jpg,IMG/right_2017_10_31_11_45_38_137.jpg,-0.15,1,0,30.18203
IMG/center_2017_10_31_11_45_38_211.jpg,IMG/left_2017_10_31_11_45_38_211.jpg,IMG/right_2017_10_31_11_45_38_211.jpg,-0.255258,1,0,30.17284
IMG/center_2017_10_31_11_45_38_279.jpg,IMG/left_2017_10_31_11_45_38_279.jpg,IMG/right_2017_10_31_11_45_38_279.jpg,-0.01049953,1,0,30.18994
IMG/center_2017_10_31_11_45_38_354.jpg,IMG/left_2017_10_31_11_45_38_354.jpg,IMG/right_2017_10_31_11_45_38_354.jpg,0,1,0,30.18988
IMG/center_2017_10_31_11_45_38_420.jpg,IMG/left_2017_10_31_11_45_38_420.jpg,IMG/right_2017_10_31_11_45_38_420.jpg,0,1,0,30.19013
IMG/center_2017_10_31_11_45_38_492.jpg,IMG/left_2017_10_31_11_45_38_492.jpg,IMG/right_2017_10_31_11_45_38_492.jpg,0,1,0,30.06589
IMG/center_2017_10_31_11_45_38_566.jpg,IMG/left_2017_10_31_11_45_38_566.jpg,IMG/right_2017_10_31_11_45_38_566.jpg,0,1,0,30.07224
IMG/center_2017_10_31_11_45_38_636.jpg,IMG/left_2017_10_31_11_45_38_636.jpg,IMG/right_2017_10_31_11_45_38_636.jpg,0,1,0,29.82279
IMG/center_2017_10_31_11_45_38_710.jpg,IMG/left_2017_10_31_11_45_38_710.jpg,IMG/right_2017_10_31_11_45_38_710.jpg,-0.15,1,0,30.04376
IMG/center_2017_10_31_11_45_38_786.jpg,IMG/left_2017_10_31_11_45_38_786.jpg,IMG/right_2017_10_31_11_45_38_786.jpg,0,1,0,30.09039
IMG/center_2017_10_31_11_45_38_855.jpg,IMG/left_2017_10_31_11_45_38_855.jpg,IMG/right_2017_10_31_11_45_38_855.jpg,0,1,0,29.63319
IMG/center_2017_10_31_11_45_38_932.jpg,IMG/left_2017_10_31_11_45_38_932.jpg,IMG/right_2017_10_31_11_45_38_932.jpg,0,1,0,30.18682
IMG/center_2017_10_31_11_45_39_003.jpg,IMG/left_2017_10_31_11_45_39_003.jpg,IMG/right_2017_10_31_11_45_39_003.jpg,0,1,0,30.18865
IMG/center_2017_10_31_11_45_39_077.jpg,IMG/left_2017_10_31_11_45_39_077.jpg,IMG/right_2017_10_31_11_45_39_077.jpg,0,1,0,30.19096
IMG/center_2017_10_31_11_45_39_144.jpg,IMG/left_2017_10_31_11_45_39_144.jpg,IMG/right_2017_10_31_11_45_39_144.jpg,0,1,0,30.19084
IMG/center_2017_10_31_11_45_39_219.jpg,IMG/left_2017_10_31_11_45_39_219.jpg,IMG/right_2017_10_31_11_45_39_219.jpg,0,1,0,30.19035
IMG/center_2017_10_31_11_45_39_297.jpg,IMG/left_2017_10_31_11_45_39_297.jpg,IMG/right_2017_10_31_11_45_39_297.jpg,0,1,0,30.19007
IMG/center_2017_10_31_11_45_39_373.jpg,IMG/left_2017_10_31_11_45_39_373.jpg,IMG/right_2017_10_31_11_45_39_373.jpg,0,1,0,30.18999
IMG/center_2017_10_31_11_45_39_450.jpg,IMG/left_2017_10_31_11_45_39_450.jpg,IMG/right_2017_10_31_11_45_39_450.jpg,0,1,0,30.18992
IMG/center_2017_10_31_11_45_39_521.jpg,IMG/left_2017_10_31_11_45_39_521.jpg,IMG/right_2017_10_31_11_45_39_521.jpg,0,1,0,30.18993
IMG/center_2017_10_31_11_45_39_590.jpg,IMG/left_2017_10_31_11_45_39_590.jpg,IMG/right_2017_10_31_11_45_39_590.jpg,0,1,0,30.18991
IMG/center_2017_10_31_11_45_39_665.jpg,IMG/left_2017_10_31_11_45_39_665.jpg,IMG/right_2017_10_31_11_45_39_665.jpg,0,1,0,30.18992
IMG/center_2017_10_31_11_45_39_735.jpg,IMG/left_2017_10_31_11_45_39_735.jpg,IMG/right_2017_10_31_11_45_39_735.jpg,0,1,0,30.18994
IMG/center_2017_10_31_11_45_39_802.jpg,IMG/left_2017_10_31_11_45_39_802.jpg,IMG/right_2017_10_31_11_45_39_802.jpg,0,1,0,30.18993
IMG/center_2017_10_31_11_45_39_881.jpg,IMG/left_2017_10_31_11_45_39_881.jpg,IMG/right_2017_10_31_11_45_39_881.jpg,0,1,0,30.18992
IMG/center_2017_10_31_11_45_39_951.jpg,IMG/left_2017_10_31_11_45_39_951.jpg,IMG/right_2017_10_31_11_45_39_951.jpg,0,1,0,30.18992
IMG/center_2017_10_31_11_45_40_022.jpg,IMG/left_2017_10_31_11_45_40_022.jpg,IMG/right_2017_10_31_11_45_40_022.jpg,0,1,0,30.18992
IMG/center_2017_10_31_11_45_40_090.jpg,IMG/left_2017_10_31_11_45_40_090.jpg,IMG/right_2017_10_31_11_45_40_090.jpg,0,1,0,30.18992
IMG/center_2017_10_31_11_45_40_165.jpg,IMG/left_2017_10_31_11_45_40_165.jpg,IMG/right_2017_10_31_11_45_40_165.jpg,0,1,0,30.18992
IMG/center_2017_10_31_11_45_40_241.jpg,IMG/left_2017_10_31_11_45_40_241.jpg,IMG/right_2017_10_31_11_45_40_241.jpg,0,1,0,30.18992
IMG/center_2017_10_31_11_45_40_317.jpg,IMG/left_2017_10_31_11_45_40_317.jpg,IMG/right_2017_10_31_11_45_40_317.jpg,0,1,0,30.18995
IMG/center_2017_10_31_11_45_40_390.jpg,IMG/left_2017_10_31_11_45_40_390.jpg,IMG/right_2017_10_31_11_45_40_390.jpg,0,1,0,30.18992
IMG/center_2017_10_31_11_45_40_469.jpg,IMG/left_2017_10_31_11_45_40_469.jpg,IMG/right_2017_10_31_11_45_40_469.jpg,0,1,0,30.18991
IMG/center_2017_10_31_11_45_40_537.jpg,IMG/left_2017_10_31_11_45_40_537.jpg,IMG/right_2017_10_31_11_45_40_537.jpg,0,1,0,30.18993
IMG/center_2017_10_31_11_45_40_610.jpg,IMG/left_2017_10_31_11_45_40_610.jpg,IMG/right_2017_10_31_11_45_40_610.jpg,0,1,0,30.18992
IMG/center_2017_10_31_11_45_40_678.jpg,IMG/left_2017_10_31_11_45_40_678.jpg,IMG/right_2017_10_31_11_45_40_678.jpg,0,1,0,30.18992
IMG/center_2017_10_31_11_45_40_753.jpg,IMG/left_2017_10_31_11_45_40_753.jpg,IMG/right_2017_10_31_11_45_40_753.jpg,0,1,0,30.18992
IMG/center_2017_10_31_11_45_40_829.jpg,IMG/left_2017_10_31_11_45_40_829.jpg,IMG/right_2017_10_31_11_45_40_829.jpg,0,1,0,30.18992
IMG/center_2017_10_31_11_45_40_896.jpg,IMG/left_2017_10_31_11_45_40_896.jpg,IMG/right_2017_10_31_11_45_40_896.jpg,0,1,0,30.18993
IMG/center_2017_10_31_11_45_40_968.jpg,IMG/left_2017_10_31_11_45_40_968.jpg,IMG/right_2017_10_31_11_45_40_968.jpg,0,1,0,30.18994
IMG/center_2017_10_31_11_45_41_041.jpg,IMG/left_2017_10_31_11_45_41_041.jpg,IMG/right_2017_10_31_11_45_41_041.jpg,0,1,0,30.18995
IMG/center_2017_10_31_11_45_41_111.jpg,IMG/left_2017_10_31_11_45_41_111.jpg,IMG/right_2017_10_31_11_45_41_111.jpg,0,1,0,30.18991
IMG/center_2017_10_31_11_45_41_185.jpg,IMG/left_2017_10_31_11_45_41_185.jpg,IMG/right_2017_10_31_11_45_41_185.jpg,0,1,0,30.18992
IMG/center_2017_10_31_11_45_41_262.jpg,IMG/left_2017_10_31_11_45_41_262.jpg,IMG/right_2017_10_31_11_45_41_262.jpg,0,1,0,30.18992
IMG/center_2017_10_31_11_45_41_329.jpg,IMG/left_2017_10_31_11_45_41_329.jpg,IMG/right_2017_10_31_11_45_41_329.jpg,0,1,0,30.18993
IMG/center_2017_10_31_11_45_41_405.jpg,IMG/left_2017_10_31_11_45_41_405.jpg,IMG/right_2017_10_31_11_45_41_405.jpg,0,1,0,30.18993
IMG/center_2017_10_31_11_45_41_483.jpg,IMG/left_2017_10_31_11_45_41_483.jpg,IMG/right_2017_10_31_11_45_41_483.jpg,0,1,0,30.18993
IMG/center_2017_10_31_11_45_41_560.jpg,IMG/left_2017_10_31_11_45_41_560.jpg,IMG/right_2017_10_31_11_45_41_560.jpg,0,1,0,30.18992
IMG/center_2017_10_31_11_45_41_633.jpg,IMG/left_2017_10_31_11_45_41_633.jpg,IMG/right_2017_10_31_11_45_41_633.jpg,0,1,0,30.18992
IMG/center_2017_10_31_11_45_41_712.jpg,IMG/left_2017_10_31_11_45_41_712.jpg,IMG/right_2017_10_31_11_45_41_712.jpg,-0.1,1,0,30.18736
IMG/center_2017_10_31_11_45_41_784.jpg,IMG/left_2017_10_31_11_45_41_784.jpg,IMG/right_2017_10_31_11_45_41_784.jpg,-0.1804716,1,0,30.18163
IMG/center_2017_10_31_11_45_41_856.jpg,IMG/left_2017_10_31_11_45_41_856.jpg,IMG/right_2017_10_31_11_45_41_856.jpg,0,1,0,30.18936
IMG/center_2017_10_31_11_45_41_932.jpg,IMG/left_2017_10_31_11_45_41_932.jpg,IMG/right_2017_10_31_11_45_41_932.jpg,0,1,0,30.18982
IMG/center_2017_10_31_11_45_42_004.jpg,IMG/left_2017_10_31_11_45_42_004.jpg,IMG/right_2017_10_31_11_45_42_004.jpg,0,1,0,30.18993
IMG/center_2017_10_31_11_45_42_078.jpg,IMG/left_2017_10_31_11_45_42_078.jpg,IMG/right_2017_10_31_11_45_42_078.jpg,0,1,0,30.18997
IMG/center_2017_10_31_11_45_42_156.jpg,IMG/left_2017_10_31_11_45_42_156.jpg,IMG/right_2017_10_31_11_45_42_156.jpg,0,1,0,30.18998
IMG/center_2017_10_31_11_45_42_225.jpg,IMG/left_2017_10_31_11_45_42_225.jpg,IMG/right_2017_10_31_11_45_42_225.jpg,0,1,0,30.18996
IMG/center_2017_10_31_11_45_42_303.jpg,IMG/left_2017_10_31_11_45_42_303.jpg,IMG/right_2017_10_31_11_45_42_303.jpg,0,1,0,30.18999
IMG/center_2017_10_31_11_45_42_376.jpg,IMG/left_2017_10_31_11_45_42_376.jpg,IMG/right_2017_10_31_11_45_42_376.jpg,0,1,0,30.18997
IMG/center_2017_10_31_11_45_42_451.jpg,IMG/left_2017_10_31_11_45_42_451.jpg,IMG/right_2017_10_31_11_45_42_451.jpg,0,1,0,30.18999
IMG/center_2017_10_31_11_45_42_526.jpg,IMG/left_2017_10_31_11_45_42_526.jpg,IMG/right_2017_10_31_11_45_42_526.jpg,0,1,0,30.19001
IMG/center_2017_10_31_11_45_42_599.jpg,IMG/left_2017_10_31_11_45_42_599.jpg,IMG/right_2017_10_31_11_45_42_599.jpg,0,1,0,30.18997
IMG/center_2017_10_31_11_45_42_665.jpg,IMG/left_2017_10_31_11_45_42_665.jpg,IMG/right_2017_10_31_11_45_42_665.jpg,0,1,0,30.18997
IMG/center_2017_10_31_11_45_42_734.jpg,IMG/left_2017_10_31_11_45_42_734.jpg,IMG/right_2017_10_31_11_45_42_734.jpg,0.2,1,0,30.17939
IMG/center_2017_10_31_11_45_42_813.jpg,IMG/left_2017_10_31_11_45_42_813.jpg,IMG/right_2017_10_31_11_45_42_813.jpg,0.009472013,0.8413785,0,30.15472
IMG/center_2017_10_31_11_45_42_890.jpg,IMG/left_2017_10_31_11_45_42_890.jpg,IMG/right_2017_10_31_11_45_42_890.jpg,0,0.9642536,0,30.16412
IMG/center_2017_10_31_11_45_42_968.jpg,IMG/left_2017_10_31_11_45_42_968.jpg,IMG/right_2017_10_31_11_45_42_968.jpg,0,1,0,30.18996
IMG/center_2017_10_31_11_45_43_046.jpg,IMG/left_2017_10_31_11_45_43_046.jpg,IMG/right_2017_10_31_11_45_43_046.jpg,0,1,0,30.18993
IMG/center_2017_10_31_11_45_43_114.jpg,IMG/left_2017_10_31_11_45_43_114.jpg,IMG/right_2017_10_31_11_45_43_114.jpg,0,1,0,30.18991
IMG/center_2017_10_31_11_45_43_183.jpg,IMG/left_2017_10_31_11_45_43_183.jpg,IMG/right_2017_10_31_11_45_43_183.jpg,0,1,0,30.18991
IMG/center_2017_10_31_11_45_43_250.jpg,IMG/left_2017_10_31_11_45_43_250.jpg,IMG/right_2017_10_31_11_45_43_250.jpg,0,1,0,30.18994
IMG/center_2017_10_31_11_45_43_325.jpg,IMG/left_2017_10_31_11_45_43_325.jpg,IMG/right_2017_10_31_11_45_43_325.jpg,0,1,0,30.18991
IMG/center_2017_10_31_11_45_43_401.jpg,IMG/left_2017_10_31_11_45_43_401.jpg,IMG/right_2017_10_31_11_45_43_401.jpg,-0.05,1,0,30.18938
IMG/center_2017_10_31_11_45_43_475.jpg,IMG/left_2017_10_31_11_45_43_475.jpg,IMG/right_2017_10_31_11_45_43_475.jpg,-0.08627672,1,0,30.18806
IMG/center_2017_10_31_11_45_43_548.jpg,IMG/left_2017_10_31_11_45_43_548.jpg,IMG/right_2017_10_31_11_45_43_548.jpg,0,1,0,30.18968
IMG/center_2017_10_31_11_45_43_624.jpg,IMG/left_2017_10_31_11_45_43_624.jpg,IMG/right_2017_10_31_11_45_43_624.jpg,0,1,0,30.18989
IMG/center_2017_10_31_11_45_43_700.jpg,IMG/left_2017_10_31_11_45_43_700.jpg,IMG/right_2017_10_31_11_45_43_700.jpg,0,1,0,30.18994
IMG/center_2017_10_31_11_45_43_775.jpg,IMG/left_2017_10_31_11_45_43_775.jpg,IMG/right_2017_10_31_11_45_43_775.jpg,0,1,0,30.18995
IMG/center_2017_10_31_11_45_43_852.jpg,IMG/left_2017_10_31_11_45_43_852.jpg,IMG/right_2017_10_31_11_45_43_852.jpg,0,1,0,30.18997
IMG/center_2017_10_31_11_45_43_919.jpg,IMG/left_2017_10_31_11_45_43_919.jpg,IMG/right_2017_10_31_11_45_43_919.jpg,0,1,0,30.18997
IMG/center_2017_10_31_11_45_43_997.jpg,IMG/left_2017_10_31_11_45_43_997.jpg,IMG/right_2017_10_31_11_45_43_997.jpg,0,1,0,30.18993
IMG/center_2017_10_31_11_45_44_076.jpg,IMG/left_2017_10_31_11_45_44_076.jpg,IMG/right_2017_10_31_11_45_44_076.jpg,0,1,0,30.18995
IMG/center_2017_10_31_11_45_44_144.jpg,IMG/left_2017_10_31_11_45_44_144.jpg,IMG/right_2017_10_31_11_45_44_144.jpg,0,1,0,30.18994
IMG/center_2017_10_31_11_45_44_213.jpg,IMG/left_2017_10_31_11_45_44_213.jpg,IMG/right_2017_10_31_11_45_44_213.jpg,0,1,0,30.18996
IMG/center_2017_10_31_11_45_44_287.jpg,IMG/left_2017_10_31_11_45_44_287.jpg,IMG/right_2017_10_31_11_45_44_287.jpg,0,1,0,30.18996
IMG/center_2017_10_31_11_45_44_358.jpg,IMG/left_2017_10_31_11_45_44_358.jpg,IMG/right_2017_10_31_11_45_44_358.jpg,0,1,0,30.18997
IMG/center_2017_10_31_11_45_44_435.jpg,IMG/left_2017_10_31_11_45_44_435.jpg,IMG/right_2017_10_31_11_45_44_435.jpg,0,1,0,30.18993
IMG/center_2017_10_31_11_45_44_505.jpg,IMG/left_2017_10_31_11_45_44_505.jpg,IMG/right_2017_10_31_11_45_44_505.jpg,0,1,0,30.18998
IMG/center_2017_10_31_11_45_44_584.jpg,IMG/left_2017_10_31_11_45_44_584.jpg,IMG/right_2017_10_31_11_45_44_584.jpg,0,1,0,30.18994
IMG/center_2017_10_31_11_45_44_652.jpg,IMG/left_2017_10_31_11_45_44_652.jpg,IMG/right_2017_10_31_11_45_44_652.jpg,0,1,0,30.18995
IMG/center_2017_10_31_11_45_44_727.jpg,IMG/left_2017_10_31_11_45_44_727.jpg,IMG/right_2017_10_31_11_45_44_727.jpg,0,1,0,30.18995
IMG/center_2017_10_31_11_45_44_805.jpg,IMG/left_2017_10_31_11_45_44_805.jpg,IMG/right_2017_10_31_11_45_44_805.jpg,0,1,0,30.18994
IMG/center_2017_10_31_11_45_44_875.jpg,IMG/left_2017_10_31_11_45_44_875.jpg,IMG/right_2017_10_31_11_45_44_875.jpg,0,1,0,30.18996
IMG/center_2017_10_31_11_45_44_943.jpg,IMG/left_2017_10_31_11_45_44_943.jpg,IMG/right_2017_10_31_11_45_44_943.jpg,0,1,0,30.18994
IMG/center_2017_10_31_11_45_45_017.jpg,IMG/left_2017_10_31_11_45_45_017.jpg,IMG/right_2017_10_31_11_45_45_017.jpg,0,1,0,30.18995
IMG/center_2017_10_31_11_45_45_085.jpg,IMG/left_2017_10_31_11_45_45_085.jpg,IMG/right_2017_10_31_11_45_45_085.jpg,0,1,0,30.18996
IMG/center_2017_10_31_11_45_45_158.jpg,IMG/left_2017_10_31_11_45_45_158.jpg,IMG/right_2017_10_31_11_45_45_158.jpg,0,1,0,30.18996
IMG/center_2017_10_31_11_45_45_231.jpg,IMG/left_2017_10_31_11_45_45_231.jpg,IMG/right_2017_10_31_11_45_45_231.jpg,0,1,0,30.18994
IMG/center_2017_10_31_11_45_45_306.jpg,IMG/left_2017_10_31_11_45_45_306.jpg,IMG/right_2017_10_31_11_45_45_306.jpg,0,1,0,30.18995
IMG/center_2017_10_31_11_45_45_379.jpg,IMG/left_2017_10_31_11_45_45_379.jpg,IMG/right_2017_10_31_11_45_45_379.jpg,0,1,0,30.18995
IMG/center_2017_10_31_11_45_45_454.jpg,IMG/left_2017_10_31_11_45_45_454.jpg,IMG/right_2017_10_31_11_45_45_454.jpg,0,1,0,30.18996
IMG/center_2017_10_31_11_45_45_526.jpg,IMG/left_2017_10_31_11_45_45_526.jpg,IMG/right_2017_10_31_11_45_45_526.jpg,0,1,0,30.18995
IMG/center_2017_10_31_11_45_45_598.jpg,IMG/left_2017_10_31_11_45_45_598.jpg,IMG/right_2017_10_31_11_45_45_598.jpg,0,1,0,30.18995
IMG/center_2017_10_31_11_45_45_675.jpg,IMG/left_2017_10_31_11_45_45_675.jpg,IMG/right_2017_10_31_11_45_45_675.jpg,0,1,0,30.18998
IMG/center_2017_10_31_11_45_45_749.jpg,IMG/left_2017_10_31_11_45_45_749.jpg,IMG/right_2017_10_31_11_45_45_749.jpg,-0.05,1,0,30.18941
IMG/center_2017_10_31_11_45_45_820.jpg,IMG/left_2017_10_31_11_45_45_820.jpg,IMG/right_2017_10_31_11_45_45_820.jpg,0,1,0,30.18993
IMG/center_2017_10_31_11_45_45_894.jpg,IMG/left_2017_10_31_11_45_45_894.jpg,IMG/right_2017_10_31_11_45_45_894.jpg,0,1,0,30.18994
IMG/center_2017_10_31_11_45_45_967.jpg,IMG/left_2017_10_31_11_45_45_967.jpg,IMG/right_2017_10_31_11_45_45_967.jpg,0,1,0,30.18996
IMG/center_2017_10_31_11_45_46_041.jpg,IMG/left_2017_10_31_11_45_46_041.jpg,IMG/right_2017_10_31_11_45_46_041.jpg,0,1,0,30.18994
IMG/center_2017_10_31_11_45_46_111.jpg,IMG/left_2017_10_31_11_45_46_111.jpg,IMG/right_2017_10_31_11_45_46_111.jpg,-0.05,1,0,30.18943
IMG/center_2017_10_31_11_45_46_184.jpg,IMG/left_2017_10_31_11_45_46_184.jpg,IMG/right_2017_10_31_11_45_46_184.jpg,-0.25,1,0,30.17467
IMG/center_2017_10_31_11_45_46_261.jpg,IMG/left_2017_10_31_11_45_46_261.jpg,IMG/right_2017_10_31_11_45_46_261.jpg,-0.0766376,1,0,30.19072
IMG/center_2017_10_31_11_45_46_332.jpg,IMG/left_2017_10_31_11_45_46_332.jpg,IMG/right_2017_10_31_11_45_46_332.jpg,0,1,0,30.18945
IMG/center_2017_10_31_11_45_46_404.jpg,IMG/left_2017_10_31_11_45_46_404.jpg,IMG/right_2017_10_31_11_45_46_404.jpg,0,1,0,30.18983
IMG/center_2017_10_31_11_45_46_471.jpg,IMG/left_2017_10_31_11_45_46_471.jpg,IMG/right_2017_10_31_11_45_46_471.jpg,0,1,0,30.18997
IMG/center_2017_10_31_11_45_46_540.jpg,IMG/left_2017_10_31_11_45_46_540.jpg,IMG/right_2017_10_31_11_45_46_540.jpg,0,1,0,30.08957
IMG/center_2017_10_31_11_45_46_612.jpg,IMG/left_2017_10_31_11_45_46_612.jpg,IMG/right_2017_10_31_11_45_46_612.jpg,0,1,0,30.2051
IMG/center_2017_10_31_11_45_46_683.jpg,IMG/left_2017_10_31_11_45_46_683.jpg,IMG/right_2017_10_31_11_45_46_683.jpg,0,1,0,30.19496
IMG/center_2017_10_31_11_45_46_759.jpg,IMG/left_2017_10_31_11_45_46_759.jpg,IMG/right_2017_10_31_11_45_46_759.jpg,0,1,0,30.08625
IMG/center_2017_10_31_11_45_46_834.jpg,IMG/left_2017_10_31_11_45_46_834.jpg,IMG/right_2017_10_31_11_45_46_834.jpg,0,1,0,30.21928
IMG/center_2017_10_31_11_45_46_909.jpg,IMG/left_2017_10_31_11_45_46_909.jpg,IMG/right_2017_10_31_11_45_46_909.jpg,0,1,0,30.19397
IMG/center_2017_10_31_11_45_46_981.jpg,IMG/left_2017_10_31_11_45_46_981.jpg,IMG/right_2017_10_31_11_45_46_981.jpg,0,1,0,30.19049
IMG/center_2017_10_31_11_45_47_060.jpg,IMG/left_2017_10_31_11_45_47_060.jpg,IMG/right_2017_10_31_11_45_47_060.jpg,0,1,0,30.19008
IMG/center_2017_10_31_11_45_47_130.jpg,IMG/left_2017_10_31_11_45_47_130.jpg,IMG/right_2017_10_31_11_45_47_130.jpg,-0.15,1,0,30.18402
IMG/center_2017_10_31_11_45_47_201.jpg,IMG/left_2017_10_31_11_45_47_201.jpg,IMG/right_2017_10_31_11_45_47_201.jpg,-0.1627721,1,0,30.18565
IMG/center_2017_10_31_11_45_47_277.jpg,IMG/left_2017_10_31_11_45_47_277.jpg,IMG/right_2017_10_31_11_45_47_277.jpg,0,1,0,30.18925
IMG/center_2017_10_31_11_45_47_350.jpg,IMG/left_2017_10_31_11_45_47_350.jpg,IMG/right_2017_10_31_11_45_47_350.jpg,0,1,0,30.19003
IMG/center_2017_10_31_11_45_47_425.jpg,IMG/left_2017_10_31_11_45_47_425.jpg,IMG/right_2017_10_31_11_45_47_425.jpg,0,1,0,30.19024
IMG/center_2017_10_31_11_45_47_501.jpg,IMG/left_2017_10_31_11_45_47_501.jpg,IMG/right_2017_10_31_11_45_47_501.jpg,0,1,0,30.19028
IMG/center_2017_10_31_11_45_47_574.jpg,IMG/left_2017_10_31_11_45_47_574.jpg,IMG/right_2017_10_31_11_45_47_574.jpg,0,1,0,30.1903
IMG/center_2017_10_31_11_45_47_649.jpg,IMG/left_2017_10_31_11_45_47_649.jpg,IMG/right_2017_10_31_11_45_47_649.jpg,0,1,0,30.1903
IMG/center_2017_10_31_11_45_47_722.jpg,IMG/left_2017_10_31_11_45_47_722.jpg,IMG/right_2017_10_31_11_45_47_722.jpg,0,1,0,30.19031
IMG/center_2017_10_31_11_45_47_799.jpg,IMG/left_2017_10_31_11_45_47_799.jpg,IMG/right_2017_10_31_11_45_47_799.jpg,0,1,0,30.1903
IMG/center_2017_10_31_11_45_47_877.jpg,IMG/left_2017_10_31_11_45_47_877.jpg,IMG/right_2017_10_31_11_45_47_877.jpg,0,1,0,30.19029
IMG/center_2017_10_31_11_45_47_948.jpg,IMG/left_2017_10_31_11_45_47_948.jpg,IMG/right_2017_10_31_11_45_47_948.jpg,0,1,0,30.19031
IMG/center_2017_10_31_11_45_48_027.jpg,IMG/left_2017_10_31_11_45_48_027.jpg,IMG/right_2017_10_31_11_45_48_027.jpg,0,1,0,30.19034
IMG/center_2017_10_31_11_45_48_103.jpg,IMG/left_2017_10_31_11_45_48_103.jpg,IMG/right_2017_10_31_11_45_48_103.jpg,0,1,0,30.19029
IMG/center_2017_10_31_11_45_48_177.jpg,IMG/left_2017_10_31_11_45_48_177.jpg,IMG/right_2017_10_31_11_45_48_177.jpg,0,1,0,30.1903
IMG/center_2017_10_31_11_45_48_247.jpg,IMG/left_2017_10_31_11_45_48_247.jpg,IMG/right_2017_10_31_11_45_48_247.jpg,0,1,0,30.1903
IMG/center_2017_10_31_11_45_48_316.jpg,IMG/left_2017_10_31_11_45_48_316.jpg,IMG/right_2017_10_31_11_45_48_316.jpg,0,0.9604243,0,30.19037
IMG/center_2017_10_31_11_45_48_388.jpg,IMG/left_2017_10_31_11_45_48_388.jpg,IMG/right_2017_10_31_11_45_48_388.jpg,0,0.7891437,0,30.14627
IMG/center_2017_10_31_11_45_48_455.jpg,IMG/left_2017_10_31_11_45_48_455.jpg,IMG/right_2017_10_31_11_45_48_455.jpg,0,0.5427996,0,30.07879
IMG/center_2017_10_31_11_45_48_527.jpg,IMG/left_2017_10_31_11_45_48_527.jpg,IMG/right_2017_10_31_11_45_48_527.jpg,-0.15,0.3719884,0,30.03599
IMG/center_2017_10_31_11_45_48_596.jpg,IMG/left_2017_10_31_11_45_48_596.jpg,IMG/right_2017_10_31_11_45_48_596.jpg,-0.35,0.1214048,0,29.91291
IMG/center_2017_10_31_11_45_48_664.jpg,IMG/left_2017_10_31_11_45_48_664.jpg,IMG/right_2017_10_31_11_45_48_664.jpg,-0.3759216,0,0,29.68032
IMG/center_2017_10_31_11_45_48_744.jpg,IMG/left_2017_10_31_11_45_48_744.jpg,IMG/right_2017_10_31_11_45_48_744.jpg,-0.09997983,0,0,29.43608
IMG/center_2017_10_31_11_45_48_811.jpg,IMG/left_2017_10_31_11_45_48_811.jpg,IMG/right_2017_10_31_11_45_48_811.jpg,0,0,0,29.25184
IMG/center_2017_10_31_11_45_48_882.jpg,IMG/left_2017_10_31_11_45_48_882.jpg,IMG/right_2017_10_31_11_45_48_882.jpg,0,0,0,29.01145
IMG/center_2017_10_31_11_45_48_956.jpg,IMG/left_2017_10_31_11_45_48_956.jpg,IMG/right_2017_10_31_11_45_48_956.jpg,0,0,0,28.77609
IMG/center_2017_10_31_11_45_49_026.jpg,IMG/left_2017_10_31_11_45_49_026.jpg,IMG/right_2017_10_31_11_45_49_026.jpg,0,0,0,28.60156
IMG/center_2017_10_31_11_45_49_098.jpg,IMG/left_2017_10_31_11_45_49_098.jpg,IMG/right_2017_10_31_11_45_49_098.jpg,0.2,0,0,28.34923
IMG/center_2017_10_31_11_45_49_164.jpg,IMG/left_2017_10_31_11_45_49_164.jpg,IMG/right_2017_10_31_11_45_49_164.jpg,0.1272249,0,0,28.16019
IMG/center_2017_10_31_11_45_49_231.jpg,IMG/left_2017_10_31_11_45_49_231.jpg,IMG/right_2017_10_31_11_45_49_231.jpg,0,0,0,27.93146
IMG/center_2017_10_31_11_45_49_311.jpg,IMG/left_2017_10_31_11_45_49_311.jpg,IMG/right_2017_10_31_11_45_49_311.jpg,0,0,0,27.76159
IMG/center_2017_10_31_11_45_49_390.jpg,IMG/left_2017_10_31_11_45_49_390.jpg,IMG/right_2017_10_31_11_45_49_390.jpg,0,0,0,27.53757
IMG/center_2017_10_31_11_45_49_465.jpg,IMG/left_2017_10_31_11_45_49_465.jpg,IMG/right_2017_10_31_11_45_49_465.jpg,0,0,0,27.31573
IMG/center_2017_10_31_11_45_49_541.jpg,IMG/left_2017_10_31_11_45_49_541.jpg,IMG/right_2017_10_31_11_45_49_541.jpg,0,0,0,27.09631
IMG/center_2017_10_31_11_45_49_612.jpg,IMG/left_2017_10_31_11_45_49_612.jpg,IMG/right_2017_10_31_11_45_49_612.jpg,0,0,0,26.87889
IMG/center_2017_10_31_11_45_49_689.jpg,IMG/left_2017_10_31_11_45_49_689.jpg,IMG/right_2017_10_31_11_45_49_689.jpg,-0.15,0,0,26.70727
IMG/center_2017_10_31_11_45_49_761.jpg,IMG/left_2017_10_31_11_45_49_761.jpg,IMG/right_2017_10_31_11_45_49_761.jpg,-0.2026227,0,0,26.44503
IMG/center_2017_10_31_11_45_49_840.jpg,IMG/left_2017_10_31_11_45_49_840.jpg,IMG/right_2017_10_31_11_45_49_840.jpg,0,0,0,26.23081
IMG/center_2017_10_31_11_45_49_907.jpg,IMG/left_2017_10_31_11_45_49_907.jpg,IMG/right_2017_10_31_11_45_49_907.jpg,0,0,0,26.0707
IMG/center_2017_10_31_11_45_49_983.jpg,IMG/left_2017_10_31_11_45_49_983.jpg,IMG/right_2017_10_31_11_45_49_983.jpg,-0.05,0,0,25.8606
IMG/center_2017_10_31_11_45_50_057.jpg,IMG/left_2017_10_31_11_45_50_057.jpg,IMG/right_2017_10_31_11_45_50_057.jpg,-0.25,0,0,25.62753
IMG/center_2017_10_31_11_45_50_132.jpg,IMG/left_2017_10_31_11_45_50_132.jpg,IMG/right_2017_10_31_11_45_50_132.jpg,-0.1442002,0,0,25.39469
IMG/center_2017_10_31_11_45_50_202.jpg,IMG/left_2017_10_31_11_45_50_202.jpg,IMG/right_2017_10_31_11_45_50_202.jpg,0,0,0,25.23939
IMG/center_2017_10_31_11_45_50_274.jpg,IMG/left_2017_10_31_11_45_50_274.jpg,IMG/right_2017_10_31_11_45_50_274.jpg,-0.1,0,0,25.03513
IMG/center_2017_10_31_11_45_50_347.jpg,IMG/left_2017_10_31_11_45_50_347.jpg,IMG/right_2017_10_31_11_45_50_347.jpg,-0.25,0,0,24.86447
IMG/center_2017_10_31_11_45_50_419.jpg,IMG/left_2017_10_31_11_45_50_419.jpg,IMG/right_2017_10_31_11_45_50_419.jpg,-0.45,0,0,24.57265
IMG/center_2017_10_31_11_45_50_493.jpg,IMG/left_2017_10_31_11_45_50_493.jpg,IMG/right_2017_10_31_11_45_50_493.jpg,-0.2882109,0,0,24.33019
IMG/center_2017_10_31_11_45_50_572.jpg,IMG/left_2017_10_31_11_45_50_572.jpg,IMG/right_2017_10_31_11_45_50_572.jpg,-0.05195851,0,0,24.13847
IMG/center_2017_10_31_11_45_50_649.jpg,IMG/left_2017_10_31_11_45_50_649.jpg,IMG/right_2017_10_31_11_45_50_649.jpg,0,0,0,23.98428
IMG/center_2017_10_31_11_45_50_717.jpg,IMG/left_2017_10_31_11_45_50_717.jpg,IMG/right_2017_10_31_11_45_50_717.jpg,-0.2,0,0,23.78589
IMG/center_2017_10_31_11_45_50_795.jpg,IMG/left_2017_10_31_11_45_50_795.jpg,IMG/right_2017_10_31_11_45_50_795.jpg,-0.04044324,0,0,23.59065
IMG/center_2017_10_31_11_45_50_861.jpg,IMG/left_2017_10_31_11_45_50_861.jpg,IMG/right_2017_10_31_11_45_50_861.jpg,0,0,0,23.44592
IMG/center_2017_10_31_11_45_50_931.jpg,IMG/left_2017_10_31_11_45_50_931.jpg,IMG/right_2017_10_31_11_45_50_931.jpg,0,0,0,23.25664
IMG/center_2017_10_31_11_45_51_009.jpg,IMG/left_2017_10_31_11_45_51_009.jpg,IMG/right_2017_10_31_11_45_51_009.jpg,-0.15,0,0,23.11104
IMG/center_2017_10_31_11_45_51_081.jpg,IMG/left_2017_10_31_11_45_51_081.jpg,IMG/right_2017_10_31_11_45_51_081.jpg,-0.35,0,0,22.86885
IMG/center_2017_10_31_11_45_51_148.jpg,IMG/left_2017_10_31_11_45_51_148.jpg,IMG/right_2017_10_31_11_45_51_148.jpg,-0.5000001,0,0,22.63996
IMG/center_2017_10_31_11_45_51_225.jpg,IMG/left_2017_10_31_11_45_51_225.jpg,IMG/right_2017_10_31_11_45_51_225.jpg,-0.5245461,0,0,22.30678
IMG/center_2017_10_31_11_45_51_308.jpg,IMG/left_2017_10_31_11_45_51_308.jpg,IMG/right_2017_10_31_11_45_51_308.jpg,-0.2736875,0,0,22.12657
IMG/center_2017_10_31_11_45_51_389.jpg,IMG/left_2017_10_31_11_45_51_389.jpg,IMG/right_2017_10_31_11_45_51_389.jpg,-0.1768502,0,0,21.95674
IMG/center_2017_10_31_11_45_51_471.jpg,IMG/left_2017_10_31_11_45_51_471.jpg,IMG/right_2017_10_31_11_45_51_471.jpg,-0.3768502,0,0,21.76922
IMG/center_2017_10_31_11_45_51_538.jpg,IMG/left_2017_10_31_11_45_51_538.jpg,IMG/right_2017_10_31_11_45_51_538.jpg,-0.2681254,0,0,21.57556
IMG/center_2017_10_31_11_45_51_614.jpg,IMG/left_2017_10_31_11_45_51_614.jpg,IMG/right_2017_10_31_11_45_51_614.jpg,-0.04113648,0,0,21.40439
IMG/center_2017_10_31_11_45_51_688.jpg,IMG/left_2017_10_31_11_45_51_688.jpg,IMG/right_2017_10_31_11_45_51_688.jpg,0,0,0,21.26344
IMG/center_2017_10_31_11_45_51_765.jpg,IMG/left_2017_10_31_11_45_51_765.jpg,IMG/right_2017_10_31_11_45_51_765.jpg,-0.05,0,0,21.0893
IMG/center_2017_10_31_11_45_51_836.jpg,IMG/left_2017_10_31_11_45_51_836.jpg,IMG/right_2017_10_31_11_45_51_836.jpg,-0.25,0,0,20.89969
IMG/center_2017_10_31_11_45_51_920.jpg,IMG/left_2017_10_31_11_45_51_920.jpg,IMG/right_2017_10_31_11_45_51_920.jpg,-0.09045445,0,0,20.72015
IMG/center_2017_10_31_11_45_51_997.jpg,IMG/left_2017_10_31_11_45_51_997.jpg,IMG/right_2017_10_31_11_45_51_997.jpg,0,0,0,20.55051
IMG/center_2017_10_31_11_45_52_080.jpg,IMG/left_2017_10_31_11_45_52_080.jpg,IMG/right_2017_10_31_11_45_52_080.jpg,-0.15,0,0,20.3807
IMG/center_2017_10_31_11_45_52_148.jpg,IMG/left_2017_10_31_11_45_52_148.jpg,IMG/right_2017_10_31_11_45_52_148.jpg,-0.3,0,0,20.23112
IMG/center_2017_10_31_11_45_52_221.jpg,IMG/left_2017_10_31_11_45_52_221.jpg,IMG/right_2017_10_31_11_45_52_221.jpg,-0.3099791,0,0,20.0064
IMG/center_2017_10_31_11_45_52_295.jpg,IMG/left_2017_10_31_11_45_52_295.jpg,IMG/right_2017_10_31_11_45_52_295.jpg,-0.09052913,0,0,19.85252
IMG/center_2017_10_31_11_45_52_372.jpg,IMG/left_2017_10_31_11_45_52_372.jpg,IMG/right_2017_10_31_11_45_52_372.jpg,-0.1870441,0,0,19.70071
IMG/center_2017_10_31_11_45_52_448.jpg,IMG/left_2017_10_31_11_45_52_448.jpg,IMG/right_2017_10_31_11_45_52_448.jpg,-0.3370441,0,0,19.50181
IMG/center_2017_10_31_11_45_52_528.jpg,IMG/left_2017_10_31_11_45_52_528.jpg,IMG/right_2017_10_31_11_45_52_528.jpg,-0.2143454,0,0,19.25626
IMG/center_2017_10_31_11_45_52_608.jpg,IMG/left_2017_10_31_11_45_52_608.jpg,IMG/right_2017_10_31_11_45_52_608.jpg,-0.01803848,0,0,19.08384
IMG/center_2017_10_31_11_45_52_681.jpg,IMG/left_2017_10_31_11_45_52_681.jpg,IMG/right_2017_10_31_11_45_52_681.jpg,-0.2180385,0,0,18.86319
IMG/center_2017_10_31_11_45_52_759.jpg,IMG/left_2017_10_31_11_45_52_759.jpg,IMG/right_2017_10_31_11_45_52_759.jpg,-0.4180385,0,0,18.62867
IMG/center_2017_10_31_11_45_52_843.jpg,IMG/left_2017_10_31_11_45_52_843.jpg,IMG/right_2017_10_31_11_45_52_843.jpg,-0.4008045,0,0,18.37168
IMG/center_2017_10_31_11_45_52_931.jpg,IMG/left_2017_10_31_11_45_52_931.jpg,IMG/right_2017_10_31_11_45_52_931.jpg,-0.3963542,0,0,18.20509
IMG/center_2017_10_31_11_45_53_006.jpg,IMG/left_2017_10_31_11_45_53_006.jpg,IMG/right_2017_10_31_11_45_53_006.jpg,-0.5963542,0,0,18.0048
IMG/center_2017_10_31_11_45_53_085.jpg,IMG/left_2017_10_31_11_45_53_085.jpg,IMG/right_2017_10_31_11_45_53_085.jpg,-0.5338143,0,0,17.75478
IMG/center_2017_10_31_11_45_53_151.jpg,IMG/left_2017_10_31_11_45_53_151.jpg,IMG/right_2017_10_31_11_45_53_151.jpg,-0.3335086,0,0,17.63188
IMG/center_2017_10_31_11_45_53_232.jpg,IMG/left_2017_10_31_11_45_53_232.jpg,IMG/right_2017_10_31_11_45_53_232.jpg,-0.09352289,0,0,17.49501
IMG/center_2017_10_31_11_45_53_307.jpg,IMG/left_2017_10_31_11_45_53_307.jpg,IMG/right_2017_10_31_11_45_53_307.jpg,0,0,0,17.86007
IMG/center_2017_10_31_11_45_53_388.jpg,IMG/left_2017_10_31_11_45_53_388.jpg,IMG/right_2017_10_31_11_45_53_388.jpg,0,0,0,17.72123
IMG/center_2017_10_31_11_45_53_468.jpg,IMG/left_2017_10_31_11_45_53_468.jpg,IMG/right_2017_10_31_11_45_53_468.jpg,-0.1,0,0,17.5772
IMG/center_2017_10_31_11_45_53_552.jpg,IMG/left_2017_10_31_11_45_53_552.jpg,IMG/right_2017_10_31_11_45_53_552.jpg,-0.08234308,0,0,16.85383
IMG/center_2017_10_31_11_45_53_621.jpg,IMG/left_2017_10_31_11_45_53_621.jpg,IMG/right_2017_10_31_11_45_53_621.jpg,0,0,0,17.28136
IMG/center_2017_10_31_11_45_53_701.jpg,IMG/left_2017_10_31_11_45_53_701.jpg,IMG/right_2017_10_31_11_45_53_701.jpg,0,0,0,17.14777
IMG/center_2017_10_31_11_45_53_780.jpg,IMG/left_2017_10_31_11_45_53_780.jpg,IMG/right_2017_10_31_11_45_53_780.jpg,0,0,0,17.01221
IMG/center_2017_10_31_11_45_53_853.jpg,IMG/left_2017_10_31_11_45_53_853.jpg,IMG/right_2017_10_31_11_45_53_853.jpg,-0.2,0,0,16.85807
IMG/center_2017_10_31_11_45_53_930.jpg,IMG/left_2017_10_31_11_45_53_930.jpg,IMG/right_2017_10_31_11_45_53_930.jpg,-0.35,0,0,16.20112
IMG/center_2017_10_31_11_45_54_013.jpg,IMG/left_2017_10_31_11_45_54_013.jpg,IMG/right_2017_10_31_11_45_54_013.jpg,-0.4220277,0,0,16.46363
IMG/center_2017_10_31_11_45_54_086.jpg,IMG/left_2017_10_31_11_45_54_086.jpg,IMG/right_2017_10_31_11_45_54_086.jpg,-0.2451247,0,0,15.82436
IMG/center_2017_10_31_11_45_54_170.jpg,IMG/left_2017_10_31_11_45_54_170.jpg,IMG/right_2017_10_31_11_45_54_170.jpg,-0.1075775,0,0,15.68268
IMG/center_2017_10_31_11_45_54_247.jpg,IMG/left_2017_10_31_11_45_54_247.jpg,IMG/right_2017_10_31_11_45_54_247.jpg,-0.3075776,0,0,15.55623
IMG/center_2017_10_31_11_45_54_328.jpg,IMG/left_2017_10_31_11_45_54_328.jpg,IMG/right_2017_10_31_11_45_54_328.jpg,-0.199296,0,0,15.40559
IMG/center_2017_10_31_11_45_54_410.jpg,IMG/left_2017_10_31_11_45_54_410.jpg,IMG/right_2017_10_31_11_45_54_410.jpg,-0.1589559,0,0,15.29201
IMG/center_2017_10_31_11_45_54_490.jpg,IMG/left_2017_10_31_11_45_54_490.jpg,IMG/right_2017_10_31_11_45_54_490.jpg,-0.3589559,0,0,15.1753
IMG/center_2017_10_31_11_45_54_569.jpg,IMG/left_2017_10_31_11_45_54_569.jpg,IMG/right_2017_10_31_11_45_54_569.jpg,-0.3548859,0.0492065,0,15.01877
IMG/center_2017_10_31_11_45_54_639.jpg,IMG/left_2017_10_31_11_45_54_639.jpg,IMG/right_2017_10_31_11_45_54_639.jpg,-0.1040415,0.3000509,0,15.06273
IMG/center_2017_10_31_11_45_54_720.jpg,IMG/left_2017_10_31_11_45_54_720.jpg,IMG/right_2017_10_31_11_45_54_720.jpg,0,0.5453557,0,15.42324
IMG/center_2017_10_31_11_45_54_791.jpg,IMG/left_2017_10_31_11_45_54_791.jpg,IMG/right_2017_10_31_11_45_54_791.jpg,0,0.7645544,0,16.14613
IMG/center_2017_10_31_11_45_54_858.jpg,IMG/left_2017_10_31_11_45_54_858.jpg,IMG/right_2017_10_31_11_45_54_858.jpg,-0.15,0.9677436,0,16.85749
IMG/center_2017_10_31_11_45_54_926.jpg,IMG/left_2017_10_31_11_45_54_926.jpg,IMG/right_2017_10_31_11_45_54_926.jpg,0,1,0,17.25762
IMG/center_2017_10_31_11_45_54_993.jpg,IMG/left_2017_10_31_11_45_54_993.jpg,IMG/right_2017_10_31_11_45_54_993.jpg,0,1,0,18.10527
IMG/center_2017_10_31_11_45_55_068.jpg,IMG/left_2017_10_31_11_45_55_068.jpg,IMG/right_2017_10_31_11_45_55_068.jpg,0,1,0,18.89236
IMG/center_2017_10_31_11_45_55_145.jpg,IMG/left_2017_10_31_11_45_55_145.jpg,IMG/right_2017_10_31_11_45_55_145.jpg,-0.2,1,0,19.68193
IMG/center_2017_10_31_11_45_55_226.jpg,IMG/left_2017_10_31_11_45_55_226.jpg,IMG/right_2017_10_31_11_45_55_226.jpg,-0.4212241,1,0,20.40762
IMG/center_2017_10_31_11_45_55_304.jpg,IMG/left_2017_10_31_11_45_55_304.jpg,IMG/right_2017_10_31_11_45_55_304.jpg,-0.1888533,1,0,21.17788
IMG/center_2017_10_31_11_45_55_387.jpg,IMG/left_2017_10_31_11_45_55_387.jpg,IMG/right_2017_10_31_11_45_55_387.jpg,0,1,0,21.95928
IMG/center_2017_10_31_11_45_55_468.jpg,IMG/left_2017_10_31_11_45_55_468.jpg,IMG/right_2017_10_31_11_45_55_468.jpg,0,1,0,22.73535
IMG/center_2017_10_31_11_45_55_536.jpg,IMG/left_2017_10_31_11_45_55_536.jpg,IMG/right_2017_10_31_11_45_55_536.jpg,0,1,0,23.51129
IMG/center_2017_10_31_11_45_55_607.jpg,IMG/left_2017_10_31_11_45_55_607.jpg,IMG/right_2017_10_31_11_45_55_607.jpg,0,1,0,24.08657
IMG/center_2017_10_31_11_45_55_690.jpg,IMG/left_2017_10_31_11_45_55_690.jpg,IMG/right_2017_10_31_11_45_55_690.jpg,0,1,0,24.86212
IMG/center_2017_10_31_11_45_55_770.jpg,IMG/left_2017_10_31_11_45_55_770.jpg,IMG/right_2017_10_31_11_45_55_770.jpg,-0.2,1,0,25.61357
IMG/center_2017_10_31_11_45_55_840.jpg,IMG/left_2017_10_31_11_45_55_840.jpg,IMG/right_2017_10_31_11_45_55_840.jpg,-0.08404028,1,0,26.3567
IMG/center_2017_10_31_11_45_55_922.jpg,IMG/left_2017_10_31_11_45_55_922.jpg,IMG/right_2017_10_31_11_45_55_922.jpg,0,1,0,27.11021
IMG/center_2017_10_31_11_45_56_009.jpg,IMG/left_2017_10_31_11_45_56_009.jpg,IMG/right_2017_10_31_11_45_56_009.jpg,-0.05,1,0,27.85848
IMG/center_2017_10_31_11_45_56_080.jpg,IMG/left_2017_10_31_11_45_56_080.jpg,IMG/right_2017_10_31_11_45_56_080.jpg,-0.25,1,0,28.57527
IMG/center_2017_10_31_11_45_56_159.jpg,IMG/left_2017_10_31_11_45_56_159.jpg,IMG/right_2017_10_31_11_45_56_159.jpg,-0.1273564,1,0,29.28519
IMG/center_2017_10_31_11_45_56_240.jpg,IMG/left_2017_10_31_11_45_56_240.jpg,IMG/right_2017_10_31_11_45_56_240.jpg,0,1,0,30.01524
IMG/center_2017_10_31_11_45_56_313.jpg,IMG/left_2017_10_31_11_45_56_313.jpg,IMG/right_2017_10_31_11_45_56_313.jpg,-0.2,1,0,30.18439
IMG/center_2017_10_31_11_45_56_388.jpg,IMG/left_2017_10_31_11_45_56_388.jpg,IMG/right_2017_10_31_11_45_56_388.jpg,-0.3104485,1,0,30.17333
IMG/center_2017_10_31_11_45_56_468.jpg,IMG/left_2017_10_31_11_45_56_468.jpg,IMG/right_2017_10_31_11_45_56_468.jpg,-0.06862575,1,0,30.19135
IMG/center_2017_10_31_11_45_56_546.jpg,IMG/left_2017_10_31_11_45_56_546.jpg,IMG/right_2017_10_31_11_45_56_546.jpg,0,1,0,30.1895
IMG/center_2017_10_31_11_45_56_626.jpg,IMG/left_2017_10_31_11_45_56_626.jpg,IMG/right_2017_10_31_11_45_56_626.jpg,0,1,0,30.19019
IMG/center_2017_10_31_11_45_56_709.jpg,IMG/left_2017_10_31_11_45_56_709.jpg,IMG/right_2017_10_31_11_45_56_709.jpg,0,1,0,30.19029
IMG/center_2017_10_31_11_45_56_777.jpg,IMG/left_2017_10_31_11_45_56_777.jpg,IMG/right_2017_10_31_11_45_56_777.jpg,0,1,0,30.19029
IMG/center_2017_10_31_11_45_56_858.jpg,IMG/left_2017_10_31_11_45_56_858.jpg,IMG/right_2017_10_31_11_45_56_858.jpg,-0.1,1,0,30.18792
IMG/center_2017_10_31_11_45_56_929.jpg,IMG/left_2017_10_31_11_45_56_929.jpg,IMG/right_2017_10_31_11_45_56_929.jpg,-0.25,1,0,30.17508
IMG/center_2017_10_31_11_45_57_007.jpg,IMG/left_2017_10_31_11_45_57_007.jpg,IMG/right_2017_10_31_11_45_57_007.jpg,-0.3751192,1,0,30.1642
IMG/center_2017_10_31_11_45_57_087.jpg,IMG/left_2017_10_31_11_45_57_087.jpg,IMG/right_2017_10_31_11_45_57_087.jpg,-0.1326399,1,0,30.19221
IMG/center_2017_10_31_11_45_57_165.jpg,IMG/left_2017_10_31_11_45_57_165.jpg,IMG/right_2017_10_31_11_45_57_165.jpg,0,1,0,30.18772
IMG/center_2017_10_31_11_45_57_235.jpg,IMG/left_2017_10_31_11_45_57_235.jpg,IMG/right_2017_10_31_11_45_57_235.jpg,0,1,0,30.18988
IMG/center_2017_10_31_11_45_57_305.jpg,IMG/left_2017_10_31_11_45_57_305.jpg,IMG/right_2017_10_31_11_45_57_305.jpg,0,1,0,30.1902
IMG/center_2017_10_31_11_45_57_378.jpg,IMG/left_2017_10_31_11_45_57_378.jpg,IMG/right_2017_10_31_11_45_57_378.jpg,0,0.9154655,0,30.17597
IMG/center_2017_10_31_11_45_57_449.jpg,IMG/left_2017_10_31_11_45_57_449.jpg,IMG/right_2017_10_31_11_45_57_449.jpg,0.1,0.7016819,0,30.11774
IMG/center_2017_10_31_11_45_57_519.jpg,IMG/left_2017_10_31_11_45_57_519.jpg,IMG/right_2017_10_31_11_45_57_519.jpg,0.3,0.4930883,0,30.04958
IMG/center_2017_10_31_11_45_57_600.jpg,IMG/left_2017_10_31_11_45_57_600.jpg,IMG/right_2017_10_31_11_45_57_600.jpg,0.1730631,0.2480668,0,30.00413
IMG/center_2017_10_31_11_45_57_668.jpg,IMG/left_2017_10_31_11_45_57_668.jpg,IMG/right_2017_10_31_11_45_57_668.jpg,0.01902936,0.09403305,0,29.95168
IMG/center_2017_10_31_11_45_57_744.jpg,IMG/left_2017_10_31_11_45_57_744.jpg,IMG/right_2017_10_31_11_45_57_744.jpg,0,0,0,29.72147
IMG/center_2017_10_31_11_45_57_821.jpg,IMG/left_2017_10_31_11_45_57_821.jpg,IMG/right_2017_10_31_11_45_57_821.jpg,0,0,0,29.48152
IMG/center_2017_10_31_11_45_57_901.jpg,IMG/left_2017_10_31_11_45_57_901.jpg,IMG/right_2017_10_31_11_45_57_901.jpg,-0.05,0.2409184,0,29.33054
IMG/center_2017_10_31_11_45_57_980.jpg,IMG/left_2017_10_31_11_45_57_980.jpg,IMG/right_2017_10_31_11_45_57_980.jpg,-0.25,0.284519,0,29.35831
IMG/center_2017_10_31_11_45_58_057.jpg,IMG/left_2017_10_31_11_45_58_057.jpg,IMG/right_2017_10_31_11_45_58_057.jpg,-0.2748609,0.05382281,0,29.2144
IMG/center_2017_10_31_11_45_58_133.jpg,IMG/left_2017_10_31_11_45_58_133.jpg,IMG/right_2017_10_31_11_45_58_133.jpg,-0.04795258,0,0,28.98584
IMG/center_2017_10_31_11_45_58_210.jpg,IMG/left_2017_10_31_11_45_58_210.jpg,IMG/right_2017_10_31_11_45_58_210.jpg,0,0,0,28.80569
IMG/center_2017_10_31_11_45_58_279.jpg,IMG/left_2017_10_31_11_45_58_279.jpg,IMG/right_2017_10_31_11_45_58_279.jpg,0,0,0,28.57178
IMG/center_2017_10_31_11_45_58_356.jpg,IMG/left_2017_10_31_11_45_58_356.jpg,IMG/right_2017_10_31_11_45_58_356.jpg,0,0,0,28.34151
IMG/center_2017_10_31_11_45_58_433.jpg,IMG/left_2017_10_31_11_45_58_433.jpg,IMG/right_2017_10_31_11_45_58_433.jpg,0,0,0,28.11351
IMG/center_2017_10_31_11_45_58_510.jpg,IMG/left_2017_10_31_11_45_58_510.jpg,IMG/right_2017_10_31_11_45_58_510.jpg,0,0.13056,0,27.97388
IMG/center_2017_10_31_11_45_58_586.jpg,IMG/left_2017_10_31_11_45_58_586.jpg,IMG/right_2017_10_31_11_45_58_586.jpg,0,0.124282,0,27.95472
IMG/center_2017_10_31_11_45_58_664.jpg,IMG/left_2017_10_31_11_45_58_664.jpg,IMG/right_2017_10_31_11_45_58_664.jpg,0,0,0,27.77079
IMG/center_2017_10_31_11_45_58_740.jpg,IMG/left_2017_10_31_11_45_58_740.jpg,IMG/right_2017_10_31_11_45_58_740.jpg,0.1,0,0,27.5447
IMG/center_2017_10_31_11_45_58_820.jpg,IMG/left_2017_10_31_11_45_58_820.jpg,IMG/right_2017_10_31_11_45_58_820.jpg,0.2479098,0,0,27.28028
IMG/center_2017_10_31_11_45_58_900.jpg,IMG/left_2017_10_31_11_45_58_900.jpg,IMG/right_2017_10_31_11_45_58_900.jpg,0.009137781,0,0,27.05362
IMG/center_2017_10_31_11_45_58_978.jpg,IMG/left_2017_10_31_11_45_58_978.jpg,IMG/right_2017_10_31_11_45_58_978.jpg,0,0,0,26.83316
IMG/center_2017_10_31_11_45_59_054.jpg,IMG/left_2017_10_31_11_45_59_054.jpg,IMG/right_2017_10_31_11_45_59_054.jpg,0.15,0,0,26.6121
IMG/center_2017_10_31_11_45_59_129.jpg,IMG/left_2017_10_31_11_45_59_129.jpg,IMG/right_2017_10_31_11_45_59_129.jpg,0.2738618,0,0,26.41863
IMG/center_2017_10_31_11_45_59_207.jpg,IMG/left_2017_10_31_11_45_59_207.jpg,IMG/right_2017_10_31_11_45_59_207.jpg,0.04424887,0,0,26.20359
IMG/center_2017_10_31_11_45_59_287.jpg,IMG/left_2017_10_31_11_45_59_287.jpg,IMG/right_2017_10_31_11_45_59_287.jpg,0,0,0,25.98931
IMG/center_2017_10_31_11_45_59_364.jpg,IMG/left_2017_10_31_11_45_59_364.jpg,IMG/right_2017_10_31_11_45_59_364.jpg,0,0.09441181,0,25.77956
IMG/center_2017_10_31_11_45_59_440.jpg,IMG/left_2017_10_31_11_45_59_440.jpg,IMG/right_2017_10_31_11_45_59_440.jpg,0,0.321703,0,25.7683
IMG/center_2017_10_31_11_45_59_518.jpg,IMG/left_2017_10_31_11_45_59_518.jpg,IMG/right_2017_10_31_11_45_59_518.jpg,0,0.5577693,0,25.98013
IMG/center_2017_10_31_11_45_59_589.jpg,IMG/left_2017_10_31_11_45_59_589.jpg,IMG/right_2017_10_31_11_45_59_589.jpg,-0.15,0.7255179,0,26.27377
IMG/center_2017_10_31_11_45_59_660.jpg,IMG/left_2017_10_31_11_45_59_660.jpg,IMG/right_2017_10_31_11_45_59_660.jpg,-0.07436441,0.8837484,0,26.86448
IMG/center_2017_10_31_11_45_59_729.jpg,IMG/left_2017_10_31_11_45_59_729.jpg,IMG/right_2017_10_31_11_45_59_729.jpg,0,0.7189472,0,27.28144
IMG/center_2017_10_31_11_45_59_809.jpg,IMG/left_2017_10_31_11_45_59_809.jpg,IMG/right_2017_10_31_11_45_59_809.jpg,0,0.4796514,0,27.64342
IMG/center_2017_10_31_11_45_59_885.jpg,IMG/left_2017_10_31_11_45_59_885.jpg,IMG/right_2017_10_31_11_45_59_885.jpg,0,0.2468408,0,27.77268
IMG/center_2017_10_31_11_45_59_963.jpg,IMG/left_2017_10_31_11_45_59_963.jpg,IMG/right_2017_10_31_11_45_59_963.jpg,0,0,0,27.67621
IMG/center_2017_10_31_11_46_00_040.jpg,IMG/left_2017_10_31_11_46_00_040.jpg,IMG/right_2017_10_31_11_46_00_040.jpg,0,0,0,27.45314
IMG/center_2017_10_31_11_46_00_116.jpg,IMG/left_2017_10_31_11_46_00_116.jpg,IMG/right_2017_10_31_11_46_00_116.jpg,0,0,0,27.23239
IMG/center_2017_10_31_11_46_00_182.jpg,IMG/left_2017_10_31_11_46_00_182.jpg,IMG/right_2017_10_31_11_46_00_182.jpg,0,0,0,27.068
IMG/center_2017_10_31_11_46_00_259.jpg,IMG/left_2017_10_31_11_46_00_259.jpg,IMG/right_2017_10_31_11_46_00_259.jpg,0,0,0,26.85035
IMG/center_2017_10_31_11_46_00_333.jpg,IMG/left_2017_10_31_11_46_00_333.jpg,IMG/right_2017_10_31_11_46_00_333.jpg,0,0,0,26.63445
IMG/center_2017_10_31_11_46_00_406.jpg,IMG/left_2017_10_31_11_46_00_406.jpg,IMG/right_2017_10_31_11_46_00_406.jpg,0,0,0,26.47367
IMG/center_2017_10_31_11_46_00_483.jpg,IMG/left_2017_10_31_11_46_00_483.jpg,IMG/right_2017_10_31_11_46_00_483.jpg,0,0,0,26.2608
IMG/center_2017_10_31_11_46_00_550.jpg,IMG/left_2017_10_31_11_46_00_550.jpg,IMG/right_2017_10_31_11_46_00_550.jpg,0,0,0,26.10227
IMG/center_2017_10_31_11_46_00_627.jpg,IMG/left_2017_10_31_11_46_00_627.jpg,IMG/right_2017_10_31_11_46_00_627.jpg,0,0,0,25.89239
IMG/center_2017_10_31_11_46_00_704.jpg,IMG/left_2017_10_31_11_46_00_704.jpg,IMG/right_2017_10_31_11_46_00_704.jpg,0,0,0,25.6842
IMG/center_2017_10_31_11_46_00_781.jpg,IMG/left_2017_10_31_11_46_00_781.jpg,IMG/right_2017_10_31_11_46_00_781.jpg,0,0,0,25.47768
IMG/center_2017_10_31_11_46_00_854.jpg,IMG/left_2017_10_31_11_46_00_854.jpg,IMG/right_2017_10_31_11_46_00_854.jpg,0,0,0,25.27283
IMG/center_2017_10_31_11_46_00_926.jpg,IMG/left_2017_10_31_11_46_00_926.jpg,IMG/right_2017_10_31_11_46_00_926.jpg,0,0,0,25.12027
IMG/center_2017_10_31_11_46_00_999.jpg,IMG/left_2017_10_31_11_46_00_999.jpg,IMG/right_2017_10_31_11_46_00_999.jpg,0,0,0,24.91829
IMG/center_2017_10_31_11_46_01_071.jpg,IMG/left_2017_10_31_11_46_01_071.jpg,IMG/right_2017_10_31_11_46_01_071.jpg,0,0,0,24.76775
IMG/center_2017_10_31_11_46_01_146.jpg,IMG/left_2017_10_31_11_46_01_146.jpg,IMG/right_2017_10_31_11_46_01_146.jpg,0,0,0,24.56847
IMG/center_2017_10_31_11_46_01_217.jpg,IMG/left_2017_10_31_11_46_01_217.jpg,IMG/right_2017_10_31_11_46_01_217.jpg,0,0,0,24.3707
IMG/center_2017_10_31_11_46_01_289.jpg,IMG/left_2017_10_31_11_46_01_289.jpg,IMG/right_2017_10_31_11_46_01_289.jpg,0,0,0.04157391,24.22341
IMG/center_2017_10_31_11_46_01_363.jpg,IMG/left_2017_10_31_11_46_01_363.jpg,IMG/right_2017_10_31_11_46_01_363.jpg,0,0,0.2927987,22.57344
IMG/center_2017_10_31_11_46_01_438.jpg,IMG/left_2017_10_31_11_46_01_438.jpg,IMG/right_2017_10_31_11_46_01_438.jpg,0,0,0.5175713,21.22779
IMG/center_2017_10_31_11_46_01_505.jpg,IMG/left_2017_10_31_11_46_01_505.jpg,IMG/right_2017_10_31_11_46_01_505.jpg,0,0,0.6943404,20.22818
IMG/center_2017_10_31_11_46_01_584.jpg,IMG/left_2017_10_31_11_46_01_584.jpg,IMG/right_2017_10_31_11_46_01_584.jpg,0,0,0.9250757,18.9098
IMG/center_2017_10_31_11_46_01_653.jpg,IMG/left_2017_10_31_11_46_01_653.jpg,IMG/right_2017_10_31_11_46_01_653.jpg,0,0,1,17.60707
IMG/center_2017_10_31_11_46_01_723.jpg,IMG/left_2017_10_31_11_46_01_723.jpg,IMG/right_2017_10_31_11_46_01_723.jpg,0,0,1,16.63989
IMG/center_2017_10_31_11_46_01_800.jpg,IMG/left_2017_10_31_11_46_01_800.jpg,IMG/right_2017_10_31_11_46_01_800.jpg,0,0,1,15.36315
IMG/center_2017_10_31_11_46_01_874.jpg,IMG/left_2017_10_31_11_46_01_874.jpg,IMG/right_2017_10_31_11_46_01_874.jpg,0,0,1,14.10089
IMG/center_2017_10_31_11_46_01_945.jpg,IMG/left_2017_10_31_11_46_01_945.jpg,IMG/right_2017_10_31_11_46_01_945.jpg,0,0,1,13.16487
IMG/center_2017_10_31_11_46_02_024.jpg,IMG/left_2017_10_31_11_46_02_024.jpg,IMG/right_2017_10_31_11_46_02_024.jpg,0,0,0.9201245,11.92925
IMG/center_2017_10_31_11_46_02_091.jpg,IMG/left_2017_10_31_11_46_02_091.jpg,IMG/right_2017_10_31_11_46_02_091.jpg,0,0,0.7569957,11.01106
IMG/center_2017_10_31_11_46_02_171.jpg,IMG/left_2017_10_31_11_46_02_171.jpg,IMG/right_2017_10_31_11_46_02_171.jpg,0,0,0.5148672,9.809147
IMG/center_2017_10_31_11_46_02_239.jpg,IMG/left_2017_10_31_11_46_02_239.jpg,IMG/right_2017_10_31_11_46_02_239.jpg,0,0,0.2748389,8.598592
IMG/center_2017_10_31_11_46_02_318.jpg,IMG/left_2017_10_31_11_46_02_318.jpg,IMG/right_2017_10_31_11_46_02_318.jpg,0,0,0.03917318,7.411197
IMG/center_2017_10_31_11_46_02_384.jpg,IMG/left_2017_10_31_11_46_02_384.jpg,IMG/right_2017_10_31_11_46_02_384.jpg,0,0,0,7.083191
IMG/center_2017_10_31_11_46_02_452.jpg,IMG/left_2017_10_31_11_46_02_452.jpg,IMG/right_2017_10_31_11_46_02_452.jpg,0,0,0,7.026193
IMG/center_2017_10_31_11_46_02_520.jpg,IMG/left_2017_10_31_11_46_02_520.jpg,IMG/right_2017_10_31_11_46_02_520.jpg,0,0,0,6.983755
IMG/center_2017_10_31_11_46_02_590.jpg,IMG/left_2017_10_31_11_46_02_590.jpg,IMG/right_2017_10_31_11_46_02_590.jpg,0,0,0,6.941582
IMG/center_2017_10_31_11_46_02_663.jpg,IMG/left_2017_10_31_11_46_02_663.jpg,IMG/right_2017_10_31_11_46_02_663.jpg,0,0,0,6.886049
IMG/center_2017_10_31_11_46_02_731.jpg,IMG/left_2017_10_31_11_46_02_731.jpg,IMG/right_2017_10_31_11_46_02_731.jpg,0,0,0,6.844756
IMG/center_2017_10_31_11_46_02_800.jpg,IMG/left_2017_10_31_11_46_02_800.jpg,IMG/right_2017_10_31_11_46_02_800.jpg,0,0,0,6.790088
IMG/center_2017_10_31_11_46_02_876.jpg,IMG/left_2017_10_31_11_46_02_876.jpg,IMG/right_2017_10_31_11_46_02_876.jpg,0,0,0,6.735858
IMG/center_2017_10_31_11_46_02_951.jpg,IMG/left_2017_10_31_11_46_02_951.jpg,IMG/right_2017_10_31_11_46_02_951.jpg,0,0,0,6.695472
IMG/center_2017_10_31_11_46_03_025.jpg,IMG/left_2017_10_31_11_46_03_025.jpg,IMG/right_2017_10_31_11_46_03_025.jpg,0,0,0,6.642002
IMG/center_2017_10_31_11_46_03_096.jpg,IMG/left_2017_10_31_11_46_03_096.jpg,IMG/right_2017_10_31_11_46_03_096.jpg,0,0,0,6.588963
IMG/center_2017_10_31_11_46_03_280.jpg,IMG/left_2017_10_31_11_46_03_280.jpg,IMG/right_2017_10_31_11_46_03_280.jpg,0,0,0,5.277058
